index,x,y,layer,weight,rho,delta,nh,isSeed,clusterId
0,36.21,-38.75,0,1,94,1.47828,2,0,0
1,34.84,-40.85,0,1,96,2.51432,8,0,0
2,37.44,-39.57,0,1,97,2.586,8,0,0
3,30.43,-40.06,0,1,92,2.66317,7,0,0
4,34.57,-37.18,0,1,95,3.67992,1,0,0
5,41.46,-52.92,0,1,90,2.91565,6,0,0
6,44.23,-52.01,0,1,93,4.67402,13,0,0
7,32.13,-42.11,0,1,97,4.88001,8,0,0
8,37.01,-42.12,0,1,99,1.91042,16,0,0
9,36,-35.2,0,1,89,2.4424,4,0,0
10,41.23,-54.89,0,1,84,1.98338,5,0,0
11,33.8,-33.8,0,1,92,2.26079,23,0,0
12,36.81,-51.74,0,1,93,5.38777,21,0,0
13,43.59,-47.38,0,1,95,2.59788,37,0,0
14,27.63,-41.56,0,1,91,3.17648,3,0,0
15,40.48,-41.47,0,1,98,1.70179,22,0,0
16,36.97,-44.03,0,1,100,2.80403,21,0,0
17,26.27,-42.45,0,1,87,1.41014,29,0,0
18,27.72,-36.5,0,1,93,2.21732,24,0,0
19,48.27,-50.86,0,1,90,1.95921,30,0,0
20,40.79,-46.45,0,1,96,2.57158,21,0,0
21,38.22,-46.54,0,1,100,5.89462,43,0,0
22,42.17,-41.67,0,1,99,2.19347,43,0,0
23,31.54,-33.86,0,1,94,2.45652,24,0,0
24,29.38,-35.03,0,1,94,5.61771,4,0,0
25,26.13,-37.42,0,1,90,0.0899982,27,0,0
26,35.69,-52.4,0,1,89,1.3,12,0,0
27,26.04,-37.42,0,1,90,0.864002,32,0,0
28,31.93,-46.03,0,1,91,3.9251,7,0,0
29,27.2,-43.51,0,1,89,1.99684,14,0,0
30,49.11,-52.63,0,1,94,2.34617,45,0,0
31,47.99,-45.54,0,1,89,2.73412,37,0,0
32,26.73,-37.94,0,1,90,1.74748,18,0,0
33,47.62,-56.66,0,1,90,4.29663,30,0,0
34,30.11,-32.93,0,1,93,1.70581,23,0,0
35,44.45,-44.34,0,1,100,1.39521,43,0,0
36,25.1,-37.11,0,1,89,0.83006,40,0,0
37,45.26,-45.39,0,1,98,1.32612,35,0,0
38,31.11,-32.51,0,1,92,1.08462,34,0,0
39,31.65,-48.42,0,1,88,2.40635,28,0,0
40,24.33,-37.42,0,1,89,1.71,27,0,0
41,50.76,-53.68,0,1,90,0.88091,48,0,0
42,51.41,-46.09,0,1,86,1.69145,44,0,0
43,43.3,-43.55,0,1,102,999,-1,1,0
44,50.1,-45.02,0,1,87,2.17313,31,0,0
45,50.65,-50.86,0,1,94,7.67939,37,0,0
46,23.94,-43.42,0,1,76,2.52385,17,0,0
47,50.39,-51.61,0,1,93,0.793789,45,0,0
48,51.32,-53,0,1,90,1.67242,47,0,0
49,26.2,-28.39,0,1,86,4.07957,60,0,0
50,36.67,-31.21,0,1,83,3.86588,11,0,0
51,45.14,-39.85,0,1,93,3.48329,22,0,0
52,52.09,-43.1,0,1,77,2.19713,53,0,0
53,53.14,-45.03,0,1,79,2.02892,42,0,0
54,46.36,-57.8,0,1,85,1.69917,33,0,0
55,45.27,-36.84,0,1,88,3.0128,51,0,0
56,21.08,-36.36,0,1,81,2.71974,59,0,0
57,42.44,-34.17,0,1,84,2.40019,63,0,0
58,52.28,-51.59,0,1,87,1.70578,48,0,0
59,20.25,-33.77,0,1,83,5.2222,67,0,0
60,30.15,-29.41,0,1,86,3.24524,38,0,0
61,55.51,-55.56,0,1,82,3.35006,65,0,0
62,21.65,-39.47,0,1,79,2.20445,88,0,0
63,44.72,-34.92,0,1,87,1.99722,55,0,0
64,31.52,-50.53,0,1,82,2.114,39,0,0
65,54.24,-52.46,0,1,89,0.241868,69,0,0
66,36.86,-56.06,0,1,76,3.84246,26,0,0
67,21.58,-28.72,0,1,83,0.706611,71,0,0
68,35.17,-56.21,0,1,70,1.69665,66,0,0
69,54.12,-52.25,0,1,90,3.73804,45,0,0
70,47.77,-58.61,0,1,82,1.6261,54,0,0
71,21.26,-28.09,0,1,87,2.37413,81,0,0
72,20.97,-28.23,0,1,86,0.322025,71,0,0
73,44.6,-34.03,0,1,81,0.898053,63,0,0
74,42.94,-33.49,0,1,82,0.844035,57,0,0
75,31.97,-52.64,0,1,80,2.15745,64,0,0
76,55.14,-47.78,0,1,86,4.5849,69,0,0
77,20.79,-40.55,0,1,78,1.38058,62,0,0
78,43.67,-33.38,0,1,80,0.738241,74,0,0
79,47.31,-38.22,0,1,85,2.46293,55,0,0
80,48.8,-60.25,0,1,82,3.45776,54,0,0
81,21.4,-25.72,0,1,87,11.307,34,0,0
82,18.47,-36.56,0,1,80,2.61765,56,0,0
83,54.75,-60.86,0,1,81,3.45984,116,0,0
84,16.48,-27.36,0,1,81,4.57351,72,0,0
85,28.12,-24.78,0,1,80,4.08883,49,0,0
86,20.99,-23.29,0,1,80,2.46434,81,0,0
87,48.13,-38.6,0,1,82,0.903768,79,0,0
88,19.45,-39.61,0,1,79,3.20358,82,0,0
89,41.97,-30.3,0,1,74,3.33422,74,0,0
90,46.73,-33.85,0,1,74,2.13759,73,0,0
91,11.78,-23.7,0,1,75,4.61001,102,0,0
92,48.19,-37.13,0,1,81,1.40089,79,0,0
93,14.77,-34.82,0,1,71,2.1285,96,0,0
94,38.9,-58.31,0,1,72,0.980048,100,0,0
95,57.95,-46.06,0,1,75,3.29462,76,0,0
96,13.25,-33.33,0,1,73,1.853,107,0,0
97,56.73,-45.05,0,1,72,0.840536,104,0,0
98,17.05,-23.3,0,1,74,2.25535,120,0,0
99,14.47,-29.77,0,1,80,2.41934,107,0,0
100,39.48,-59.1,0,1,72,4.01323,66,0,0
101,20.16,-21.32,0,1,75,2.13771,86,0,0
102,11.79,-28.31,0,1,79,3.05189,99,0,0
103,28.19,-52.92,0,1,68,2.61123,106,0,0
104,57.57,-45.08,0,1,73,1.05109,95,0,0
105,20.64,-44.94,0,1,70,3.63324,46,0,0
106,30.23,-54.55,0,1,70,2.58374,75,0,0
107,12.81,-31.53,0,1,80,5.55498,84,0,0
108,24.98,-23.58,0,1,78,3.36149,85,0,0
109,48.33,-64.15,0,1,74,3.92822,80,0,0
110,49.78,-37.26,0,1,78,1.59531,92,0,0
111,38.03,-27.21,0,1,73,4.22488,50,0,0
112,62.2,-51.31,0,1,69,1.41209,114,0,0
113,22.13,-21.74,0,1,74,1.92408,86,0,0
114,61.08,-52.17,0,1,72,4.70695,126,0,0
115,37.97,-26.07,0,1,67,1.14158,111,0,0
116,57.98,-62.1,0,1,81,6.99088,61,0,0
117,9.92,-20.63,0,1,70,3.5895,91,0,0
118,49.41,-35.17,0,1,73,2.1225,110,0,0
119,39.01,-27.29,0,1,70,0.98326,111,0,0
120,18.34,-21.45,0,1,74,1.82464,101,0,0
121,46.58,-65.54,0,1,69,2.23486,109,0,0
122,39.29,-60.71,0,1,67,1.62117,100,0,0
123,9.54,-25.86,0,1,73,3.11178,91,0,0
124,21.99,-20.43,0,1,73,1.31746,113,0,0
125,13.32,-17.53,0,1,65,2.8589,150,0,0
126,60.35,-47.52,0,1,72,2.8092,95,0,0
127,12.49,-21.36,0,1,69,2.44534,91,0,0
128,53.67,-65.87,0,1,73,4.78352,133,0,0
129,52.83,-66.94,0,1,70,1.36033,128,0,0
130,59.09,-64.18,0,1,73,1.07629,133,0,0
131,19.14,-17.72,0,1,59,2.84485,135,0,0
132,64.87,-51.24,0,1,62,2.67092,112,0,0
133,58.37,-64.98,0,1,75,2.90629,116,0,0
134,15.04,-16.66,0,1,59,1.46,135,0,0
135,16.5,-16.66,0,1,59,3.29686,125,0,0
136,57.36,-66.87,0,1,72,2.14294,133,0,0
137,61.77,-48.53,0,1,71,1.74256,126,0,0
138,6.6,-24.89,0,1,66,3.09588,123,0,0
139,64.76,-58.7,0,1,69,3.10619,147,0,0
140,62.47,-65.41,0,1,69,2.57288,143,0,0
141,60.02,-67.3,0,1,66,2.69453,136,0,0
142,2.95,-14.56,0,1,67,2.1356,148,0,0
143,64.41,-63.72,0,1,70,1.75368,151,0,0
144,36.38,-60.41,0,1,65,2.92542,122,0,0
145,56.15,-40.21,0,1,64,4.87463,97,0,0
146,4.56,-31.44,0,1,59,1.34536,152,0,0
147,67.48,-60.2,0,1,69,2.92207,151,0,0
148,4.73,-15.74,0,1,69,4.13358,157,0,0
149,52.08,-33.73,0,1,66,3.03356,118,0,0
150,10.5,-17.06,0,1,74,6.76225,91,0,0
151,65.64,-62.47,0,1,72,6.76953,130,0,0
152,5.56,-32.34,0,1,63,4.9181,155,0,0
153,28.3,-20.01,0,1,67,4.7734,85,0,0
154,10.19,-14.41,0,1,68,1.56678,171,0,0
155,9.17,-35.68,0,1,64,4.70839,96,0,0
156,68.77,-58.81,0,1,64,1.89636,147,0,0
157,8.72,-16.82,0,1,71,1.79611,150,0,0
158,20.95,-49.88,0,1,58,4.94972,105,0,0
159,16.73,-44.92,0,1,62,1.52315,163,0,0
160,7.85,-13.65,0,1,67,2.46033,154,0,0
161,36.34,-20.91,0,1,53,5.41133,115,0,0
162,7.87,-11.35,0,1,63,2.15037,178,0,0
163,15.97,-43.6,0,1,62,4.85845,105,0,0
164,45.8,-26.44,0,1,57,5.43769,89,0,0
165,-3.38,-18.31,0,1,54,2.40075,191,0,0
166,7.95,-38.36,0,1,55,2.66101,175,0,0
167,57.95,-40.17,0,1,59,1.80044,145,0,0
168,61.29,-69.89,0,1,62,2.71743,170,0,0
169,35.81,-19.5,0,1,47,1.50632,161,0,0
170,62.99,-67.77,0,1,65,2.4166,140,0,0
171,11.71,-14.79,0,1,68,2.57235,150,0,0
172,67.88,-61.87,0,1,65,1.71723,147,0,0
173,30.01,-18.69,0,1,60,2.16021,153,0,0
174,46.9,-68.4,0,1,63,2.87785,121,0,0
175,6.78,-35.97,0,1,55,2.40753,155,0,0
176,69.04,-53.99,0,1,56,4.82756,156,0,0
177,-1.72,-10.21,0,1,68,8.49608,148,0,0
178,9.87,-12.14,0,1,64,2.29244,154,0,0
179,68.46,-61.86,0,1,63,0.580088,172,0,0
180,17.48,-49.8,0,1,50,3.47092,158,0,0
181,62.2,-43.37,0,1,62,4.54368,126,0,0
182,53.89,-71.6,0,1,60,4.77903,129,0,0
183,-0.86,-21.58,0,1,62,7.98727,142,0,0
184,65.59,-67.51,0,1,60,2.61296,170,0,0
185,-5.73,-19.79,0,1,50,0.994032,196,0,0
186,5.58,-36.85,0,1,47,1.48808,175,0,0
187,59.7,-38.44,0,1,56,2.46077,167,0,0
188,73.62,-55.84,0,1,48,4.93953,176,0,0
189,22.28,-15.17,0,1,57,4.04501,131,0,0
190,13.16,-10.43,0,1,56,3.70786,178,0,0
191,-3.44,-20.71,0,1,55,2.72274,183,0,0
192,14.92,-46.27,0,1,55,2.25801,159,0,0
193,0.76,-32.96,0,1,45,4.09272,146,0,0
194,16.73,-12.3,0,1,54,4.03011,190,0,0
195,-6.21,-18.2,0,1,49,1.04995,196,0,0
196,-6.53,-19.2,0,1,50,1.99585,206,0,0
197,66.85,-67.79,0,1,58,1.29074,184,0,0
198,70.36,-66.84,0,1,56,3.63629,197,0,0
199,-6.88,-12.95,0,1,57,4.54468,207,0,0
200,75.99,-56.77,0,1,44,2.54593,188,0,0
201,60.69,-73.7,0,1,52,1.93216,236,0,0
202,57.32,-34.69,0,1,54,4.4415,187,0,0
203,-4.16,-22.67,0,1,54,2.08806,191,0,0
204,61.26,-73.77,0,1,49,0.574282,201,0,0
205,-9.82,-5.65,0,1,53,3.33672,207,0,0
206,-7.88,-17.73,0,1,50,3.52298,218,0,0
207,-8.38,-8.66,0,1,57,3.36757,211,0,0
208,27.79,-61.16,0,1,45,7.04597,106,0,0
209,-1.49,-5.81,0,1,65,4.40601,177,0,0
210,29.78,-15.19,0,1,51,3.50755,173,0,0
211,-5.07,-8.04,0,1,60,2.93847,215,0,0
212,22.06,-57.63,0,1,41,6.73007,208,0,0
213,10.42,-44.85,0,1,48,4.71873,192,0,0
214,21.43,-57.34,0,1,40,0.693541,212,0,0
215,-3.72,-5.43,0,1,60,2.26215,209,0,0
216,66.7,-73.64,0,1,49,3.58095,232,0,0
217,14.11,-7.18,0,1,50,3.386,190,0,0
218,-9.03,-14.4,0,1,51,2.59326,199,0,0
219,44.99,-73.67,0,1,45,5.11251,226,0,0
220,-2.64,-2.57,0,1,60,3.43804,209,0,0
221,14.08,-5.97,0,1,47,1.21037,217,0,0
222,58.45,-32.55,0,1,44,2.42002,202,0,0
223,-5.53,-27.3,0,1,45,4.82844,203,0,0
224,18.34,-8.32,0,1,47,4.29331,194,0,0
225,-12.49,-1.24,0,1,47,3.99506,247,0,0
226,41.06,-70.4,0,1,46,6.17297,174,0,0
227,-7.29,-22.33,0,1,48,2.9808,185,0,0
228,40.15,-71.65,0,1,36,1.54616,226,0,0
229,63.33,-75.26,0,1,51,0.392043,232,0,0
230,80.96,-67.43,0,1,44,4.04085,238,0,0
231,0.01,0.48,0,1,49,4.04042,220,0,0
232,63.64,-75.5,0,1,51,1.82584,236,0,0
233,74.17,-69.97,0,1,50,0.836485,239,0,0
234,61.41,-76.19,0,1,49,1.02044,236,0,0
235,2.02,0.53,0,1,46,2.01062,231,0,0
236,61.83,-75.26,0,1,52,5.39709,168,0,0
237,75.77,-66.01,0,1,49,4.27102,233,0,0
238,81.37,-71.45,0,1,44,6.55131,239,0,0
239,74.91,-70.36,0,1,52,5.75265,198,0,0
240,81.42,-72.02,0,1,43,0.572188,238,0,0
241,-3.77,1.86,0,1,43,4.02403,231,0,0
242,82.23,-67.03,0,1,41,1.33151,230,0,0
243,77,-52.91,0,1,35,3.98995,200,0,0
244,34.48,-68.97,0,1,39,6.7336,226,0,0
245,-14.43,-12.09,0,1,47,5.87334,218,0,0
246,-0.32,-37.78,0,1,34,4.93951,193,0,0
247,-16.35,-2.27,0,1,47,2.52071,271,0,0
248,-14.32,-18.22,0,1,39,2.77244,273,0,0
249,87.19,-72.99,0,1,35,2.25398,252,0,0
250,71.71,-77.69,0,1,47,2.54566,268,0,0
251,42.55,-74.04,0,1,43,2.4679,219,0,0
252,88.19,-75.01,0,1,35,7.40088,240,0,0
253,-14.77,-14.38,0,1,44,2.3151,245,0,0
254,87.76,-71.9,0,1,31,1.23004,249,0,0
255,68.91,-78.82,0,1,46,0.123697,256,0,0
256,68.88,-78.7,0,1,47,5.50963,216,0,0
257,60.78,-78.16,0,1,48,2.06829,234,0,0
258,3.97,1.02,0,1,42,2.01062,235,0,0
259,36.08,-14.52,0,1,34,4.98731,169,0,0
260,85.42,-65.92,0,1,33,3.3776,242,0,0
261,-17,-12.63,0,1,45,2.62612,245,0,0
262,39.33,-73.62,0,1,31,2.13385,228,0,0
263,58.82,-78.89,0,1,46,2.09153,257,0,0
264,61.29,-30.77,0,1,37,3.35172,222,0,0
265,81.09,-79.38,0,1,37,7.2141,268,0,0
266,-19.26,-1.66,0,1,46,0.677422,277,0,0
267,-12.6,2.9,0,1,43,3.55418,272,0,0
268,74.21,-77.21,0,1,48,6.88567,239,0,0
269,68.92,-39.55,0,1,33,7.72986,181,0,0
270,14.89,-55.01,0,1,31,5.81826,180,0,0
271,-16.41,0.25,0,1,47,8.84523,205,0,0
272,-15.61,1.01,0,1,44,1.10345,271,0,0
273,-16.24,-16.22,0,1,41,0.68593,279,0,0
274,44.93,-19.27,0,1,35,7.22259,164,0,0
275,-10.97,4.07,0,1,40,2.00644,267,0,0
276,44.82,-76.01,0,1,43,2.34617,219,0,0
277,-19.16,-0.99,0,1,46,3.01664,271,0,0
278,15.8,-1.46,0,1,38,3.21126,297,0,0
279,-16.92,-16.31,0,1,41,2.88919,253,0,0
280,27.59,-65.87,0,1,34,4.71425,208,0,0
281,-19.47,-12.93,0,1,42,2.48815,261,0,0
282,-21.61,1.94,0,1,42,3.21137,283,0,0
283,-18.76,3.42,0,1,42,3.94606,271,0,0
284,86.92,-63.79,0,1,31,2.60517,260,0,0
285,17.28,-1.22,0,1,34,1.49933,278,0,0
286,-12.34,6.01,0,1,36,2.37497,275,0,0
287,4.14,3.31,0,1,39,2.2963,258,0,0
288,-25.46,-10.12,0,1,33,6.61636,281,0,0
289,-5.31,5.52,0,1,36,3.97079,241,0,0
290,-1.88,5.51,0,1,34,3.43001,289,0,0
291,-25.49,-11.25,0,1,32,1.1304,288,0,0
292,32.62,-72.15,0,1,29,3.68402,244,0,0
293,-127.66,73.23,0,1,37,4.65756,298,0,1
294,-126.05,78.02,0,1,39,999,-1,1,1
295,-25.72,4.63,0,1,32,4.91205,282,0,0
296,-16.28,-22.98,0,1,30,5.14774,248,0,0
297,14.21,1.33,0,1,39,7.30116,221,0,0
298,-124.14,76.28,0,1,37,1.86935,305,0,1
299,1.44,7.08,0,1,31,3.67251,290,0,0
300,-25.93,7.11,0,1,29,2.48888,295,0,0
301,82.46,-88.2,0,1,26,6.06446,319,0,0
302,-128.02,71.97,0,1,36,1.31042,293,0,1
303,-12.72,9.33,0,1,32,3.34168,286,0,0
304,-131.42,74.44,0,1,33,3.94989,293,0,1
305,-122.3,75.95,0,1,37,4.28339,294,0,1
306,-133.01,68.27,0,1,32,6.21209,302,0,1
307,-128.47,66.6,0,1,31,1.10982,308,0,1
308,-127.53,66.01,0,1,31,4.18169,310,0,1
309,-4.84,-38.56,0,1,26,4.58681,246,0,0
310,-125.62,69.73,0,1,33,1.28222,311,0,1
311,-124.87,70.77,0,1,34,3.37083,302,0,1
312,65.43,-87.56,0,1,28,9.40734,255,0,0
313,93.13,-76.9,0,1,33,5.2892,252,0,0
314,-139.86,69.24,0,1,33,11.6381,318,0,1
315,117.78,62.85,0,1,30,4.98182,328,0,2
316,119.76,47.72,0,1,35,2.03482,326,0,2
317,125.81,44.54,0,1,32,3.96023,320,0,2
318,-132.58,78.32,0,1,33,6.53689,294,0,1
319,76.55,-89.56,0,1,26,11.1465,265,0,0
320,122.78,47.09,0,1,36,1.91943,326,0,2
321,126.04,44.26,0,1,31,0.362358,317,0,2
322,135.26,55.03,0,1,30,5.25324,323,0,2
323,130.04,55.62,0,1,32,3.27,333,0,2
324,113.68,59.59,0,1,28,4.46602,334,0,2
325,89.92,-87.5,0,1,27,8.64501,327,0,0
326,121.09,46.18,0,1,36,999,-1,1,2
327,94.72,-80.31,0,1,30,3.76247,313,0,0
328,113.02,64.32,0,1,30,8.52864,334,0,2
329,8.46,6.96,0,1,25,5.65552,287,0,0
330,-125.23,84.88,0,1,35,6.90884,294,0,1
331,112.23,42.9,0,1,26,3.38999,370,0,2
332,-114.84,73.8,0,1,31,7.76364,305,0,1
333,127.31,57.42,0,1,33,4.12171,344,0,2
334,117.26,56.92,0,1,33,1.72235,343,0,2
335,-116.52,81.74,0,1,34,8.18123,305,0,1
336,122.45,65.91,0,1,27,5.58324,315,0,2
337,40.61,-81.13,0,1,18,6.62861,276,0,0
338,117.3,46.31,0,1,32,2.83544,316,0,2
339,-53.71,-159.34,0,1,23,8.19697,474,0,3
340,133.9,57.51,0,1,28,2.82843,322,0,2
341,-123.36,86.67,0,1,31,1.09123,353,0,1
342,-33.56,-2.93,0,1,22,5.08489,382,0,0
343,118.07,55.4,0,1,34,4.48265,359,0,2
344,125.69,53.63,0,1,34,7.15819,320,0,2
345,137.47,49.89,0,1,24,5.59497,322,0,2
346,-121.56,64.3,0,1,28,6.21007,308,0,1
347,-20.26,13.45,0,1,24,8.50556,300,0,0
348,-78.06,-138.69,0,1,23,2.14411,393,0,3
349,-35.32,-3.29,0,1,21,1.79644,342,0,0
350,108.26,59.07,0,1,28,1.40759,355,0,2
351,-53.15,-168.72,0,1,23,3.57324,369,0,3
352,-20.03,15.51,0,1,23,2.0728,347,0,0
353,-124.34,86.19,0,1,33,1.58374,330,0,1
354,132.4,46.03,0,1,28,0.574282,356,0,2
355,109.23,60.09,0,1,28,5.67952,328,0,2
356,132.87,45.7,0,1,28,6.98015,321,0,2
357,117.58,37.79,0,1,27,7.82238,421,0,2
358,134.32,60.99,0,1,27,3.50526,340,0,2
359,115.32,51.86,0,1,34,6.07068,316,0,2
360,-124.18,62.52,0,1,27,3.16746,346,0,1
361,-140.55,66.12,0,1,32,3.19538,314,0,1
362,-141.77,61.26,0,1,29,5.01079,361,0,1
363,61.35,-88.32,0,1,20,4.15018,312,0,0
364,96.13,-67.72,0,1,27,5.13911,365,0,0
365,98.5,-72.28,0,1,29,7.08388,313,0,0
366,-111.4,73.23,0,1,28,1.4272,378,0,1
367,110.27,54.14,0,1,30,1.98659,372,0,2
368,-32.82,-13.12,0,1,21,7.56477,291,0,0
369,-56.35,-167.13,0,1,24,6.09021,424,0,3
370,109.45,44.84,0,1,29,7.98646,338,0,2
371,-108.41,78.4,0,1,25,4.59871,378,0,1
372,112.19,53.63,0,1,30,3.5958,359,0,2
373,-143.96,73.08,0,1,26,5.61744,314,0,1
374,-82.4,-123.74,0,1,20,6.52402,491,0,3
375,-49.33,-166.96,0,1,27,5.11165,404,0,3
376,-52.88,-167.48,0,1,22,1.26906,351,0,3
377,101.09,48.39,0,1,24,9.08252,370,0,2
378,-111,74.6,0,1,28,3.92244,332,0,1
379,-134.64,55.03,0,1,28,9.46836,362,0,1
380,-122.34,93.54,0,1,22,0.836296,416,0,1
381,-59.26,-151.25,0,1,26,11.3872,390,0,3
382,-35.81,1.63,0,1,24,0.596825,384,0,0
383,-112.83,84.22,0,1,29,4.44595,335,0,1
384,-35.72,2.22,0,1,24,5.27387,428,0,0
385,99.39,-84.06,0,1,26,5.98927,327,0,0
386,-148.48,64.2,0,1,20,5.55503,396,0,1
387,134.05,68.49,0,1,17,4.34659,503,0,2
388,-74.87,-145.16,0,1,25,7.14228,467,0,3
389,-125.94,55.76,0,1,24,6.98536,360,0,1
390,-61.37,-162.44,0,1,28,16.6332,404,0,3
391,-83.07,-133.74,0,1,23,5.21775,393,0,3
392,-86.56,-132.69,0,1,22,2.98136,406,0,3
393,-80.1,-138.03,0,1,24,3.32795,467,0,3
394,-97.64,-117.16,0,1,28,3.34498,410,0,3
395,122.26,69.93,0,1,26,4.02448,336,0,2
396,-146.58,69.42,0,1,25,4.50111,373,0,1
397,-37.47,9.44,0,1,21,3.50845,428,0,0
398,-73.82,-128.81,0,1,22,10.4818,391,0,3
399,-82.67,-130.46,0,1,21,3.3043,391,0,3
400,-17.62,18.33,0,1,18,3.70951,352,0,0
401,-131.94,90.68,0,1,26,8.82724,353,0,1
402,89.41,-53.83,0,1,20,6.35724,442,0,0
403,-104.25,-120.92,0,1,27,3.51229,407,0,3
404,-47.6,-171.77,0,1,30,3.4471,405,0,3
405,-46.83,-175.13,0,1,31,999,-1,1,3
406,-89.53,-132.43,0,1,26,4.81649,468,0,3
407,-102.44,-117.91,0,1,28,1.88473,409,0,3
408,-114.85,90.87,0,1,27,3.9655,414,0,1
409,-103.03,-116.12,0,1,28,8.17765,410,0,3
410,-95.81,-119.96,0,1,29,70.7706,404,0,3
411,-67.02,-146.62,0,1,25,8.56099,457,0,3
412,139.31,61.48,0,1,23,5.01399,358,0,2
413,-139.51,82.21,0,1,25,7.94713,318,0,1
414,-118.61,89.61,0,1,30,5.58624,341,0,1
415,97.91,46.78,0,1,20,3.56433,377,0,2
416,-121.71,94.09,0,1,22,5.44797,414,0,1
417,-54.18,-150.66,0,1,24,5.11414,381,0,3
418,116.77,34.01,0,1,20,3.86582,357,0,2
419,-71.11,-147.46,0,1,23,1.51648,422,0,3
420,-19.07,-25.16,0,1,26,3.54069,296,0,0
421,125.39,38.23,0,1,27,6.06493,321,0,2
422,-69.92,-146.52,0,1,24,2.90172,411,0,3
423,-109.32,-120.5,0,1,26,5.08737,403,0,3
424,-62.44,-167.18,0,1,25,4.85926,390,0,3
425,-95.25,-114.03,0,1,23,3.93815,394,0,3
426,-43.68,-176.18,0,1,30,3.32039,405,0,3
427,84.58,-92.17,0,1,24,4.50059,301,0,0
428,-34.63,7.38,0,1,25,8.70419,300,0,0
429,-145.84,53.83,0,1,23,2.06671,441,0,1
430,-88.06,-117.41,0,1,20,2.07547,491,0,3
431,101.35,41.64,0,1,22,6.75501,377,0,2
432,91.87,-54.13,0,1,17,2.47822,402,0,0
433,-52.29,-147.29,0,1,23,3.86382,417,0,3
434,-144.07,57.02,0,1,24,4.82365,362,0,1
435,-154.07,34.26,0,1,23,6.67505,516,0,1
436,144.41,54.22,0,1,22,8.18001,345,0,2
437,-110.87,-109.86,0,1,25,10.0326,409,0,3
438,-147.27,51.34,0,1,22,2.39175,441,0,1
439,-110.36,-113.16,0,1,23,3.33918,437,0,3
440,-33.36,11.08,0,1,24,3.91189,428,0,0
441,-144.96,51.96,0,1,23,5.13768,434,0,1
442,94.26,-57.94,0,1,21,9.38606,284,0,0
443,104.12,-79.63,0,1,23,6.48057,385,0,0
444,-71.19,-139.16,0,1,24,4.1336,445,0,3
445,-68.4,-142.21,0,1,24,4.62087,411,0,3
446,-138.21,49.23,0,1,25,6.81065,379,0,1
447,-109.97,88.44,0,1,26,5.09784,383,0,1
448,84.99,-94.15,0,1,21,2.02201,427,0,0
449,104.45,-89.7,0,1,24,2.84908,490,0,0
450,-137.75,45.6,0,1,22,3.65903,446,0,1
451,1.22,189.35,0,1,26,3.8036,495,0,4
452,-60.7,-138.24,0,1,24,2.69697,498,0,3
453,-59.6,-141.99,0,1,23,3.90801,452,0,3
454,-95.92,-133.09,0,1,28,13.1305,410,0,3
455,-152.5,26.33,0,1,23,3.22692,479,0,1
456,-39.7,8.55,0,1,18,2.40104,397,0,0
457,-72.26,-153.39,0,1,25,13.175,381,0,3
458,-99.42,-136.81,0,1,22,5.10768,454,0,3
459,98.52,59.01,0,1,21,7.04535,460,0,2
460,104.75,55.72,0,1,22,4.85207,350,0,2
461,-119.7,56.49,0,1,19,6.28256,389,0,1
462,-104.05,-130.54,0,1,22,8.06503,505,0,3
463,-31.92,18.86,0,1,19,7.91214,440,0,0
464,0.6,14.59,0,1,18,7.55683,299,0,0
465,-1.29,183.33,0,1,26,8.03508,496,0,4
466,-103.51,79.19,0,1,16,4.96328,371,0,1
467,-80.86,-141.27,0,1,27,17.1381,454,0,3
468,-94.34,-132.68,0,1,26,1.63233,454,0,3
469,-142.42,83.41,0,1,21,2.83638,494,0,1
470,-120.41,94.57,0,1,21,0.447217,473,0,1
471,-75.23,-149.11,0,1,23,3.96637,388,0,3
472,-147.66,30.94,0,1,18,3.21125,512,0,1
473,-120.21,94.97,0,1,21,1.73908,416,0,1
474,-45.91,-156.82,0,1,24,10.7012,375,0,3
475,-113.18,64.32,0,1,24,8.38002,346,0,1
476,-37.76,-168.93,0,1,24,9.35996,426,0,3
477,101.43,-91.6,0,1,24,4.65369,490,0,0
478,-53.25,-179.13,0,1,23,5.27107,509,0,3
479,-154.69,23.96,0,1,24,16.5098,516,0,1
480,-77.25,-156.72,0,1,20,5.99908,457,0,3
481,-91.23,-112.83,0,1,20,4.19528,425,0,3
482,-0.67,182.68,0,1,25,0.898283,465,0,4
483,-100.58,-134.24,0,1,21,2.81966,458,0,3
484,-104.57,-98.96,0,1,24,12.5897,437,0,3
485,107.18,-73.45,0,1,20,2.0025,504,0,0
486,104.41,-84.71,0,1,22,2.87312,490,0,0
487,-110.45,-122.26,0,1,25,2.09153,423,0,3
488,-150.62,54.48,0,1,20,1.73441,489,0,1
489,-150.33,56.19,0,1,20,5.07245,429,0,1
490,103.03,-87.23,0,1,24,4.82686,385,0,0
491,-86.3,-118.51,0,1,20,9.6199,410,0,3
492,-150.21,41.42,0,1,24,1.51585,516,0,1
493,2.45,193.22,0,1,27,0.27203,495,0,4
494,-143.03,80.64,0,1,22,3.85426,413,0,1
495,2.29,193,0,1,27,999,-1,1,4
496,6.71,184.08,0,1,26,9.95504,495,0,4
497,-7.11,194.24,0,1,20,7.50267,507,0,4
498,-62.9,-136.68,0,1,24,10.76,411,0,3
499,-5.93,184.97,0,1,24,4.9213,465,0,4
500,105.43,-74.64,0,1,20,0.228474,504,0,0
501,-100.06,-138.12,0,1,20,1.45798,458,0,3
502,114.8,30.82,0,1,17,3.74926,418,0,2
503,138.28,69.49,0,1,18,8.04329,570,0,2
504,105.64,-74.73,0,1,20,5.13033,443,0,0
505,-109.93,-125.02,0,1,24,2.80855,487,0,3
506,7.94,187.81,0,1,25,3.92757,496,0,4
507,-9.15,187.02,0,1,21,3.81719,499,0,4
508,137.07,35.82,0,1,18,6.6059,624,0,2
509,-58.04,-176.93,0,1,23,1.05119,532,0,3
510,-41.88,-185.41,0,1,23,9.40389,426,0,3
511,-32.3,-175.38,0,1,17,0.563027,525,0,3
512,-146.26,33.83,0,1,19,6.18324,531,0,1
513,-118.28,-108.51,0,1,23,7.53197,437,0,3
514,-149.11,43.89,0,1,22,2.70387,492,0,1
515,100.31,-94.86,0,1,21,3.44703,477,0,0
516,-150.58,39.95,0,1,24,15.464,446,0,1
517,109.77,73.36,0,1,24,9.60646,328,0,2
518,-114.4,94.2,0,1,24,3.36026,408,0,1
519,-44.24,-156.41,0,1,23,1.71959,474,0,3
520,-148.74,9.84,0,1,18,9.45012,550,0,1
521,47.3,-88.45,0,1,18,12.6848,276,0,0
522,-158.16,51.82,0,1,19,7.99546,488,0,1
523,12.71,188.05,0,1,22,2.73766,567,0,4
524,-2.42,-49.64,0,1,17,11.3412,309,0,0
525,-31.77,-175.57,0,1,17,6.32938,526,0,3
526,-32.83,-181.81,0,1,19,9.73974,510,0,3
527,-142.52,90.8,0,1,14,7.39068,469,0,1
528,-119.29,-105.08,0,1,19,2.42398,535,0,3
529,-137.68,36.15,0,1,21,9.45026,450,0,1
530,32.41,-1.36,0,1,16,13.6622,259,0,0
531,-148.11,39.73,0,1,23,2.47978,516,0,1
532,-58.49,-175.98,0,1,23,9.10505,369,0,3
533,-52.11,-184.33,0,1,22,5.32349,478,0,3
534,8.44,-60.34,0,1,15,8.36728,270,0,0
535,-119.55,-107.49,0,1,22,1.6289,513,0,3
536,12.39,196.7,0,1,20,5.35763,541,0,4
537,100.01,-98.36,0,1,20,3.51283,515,0,0
538,-113.87,-125.13,0,1,22,3.94154,505,0,3
539,-159.96,17.69,0,1,18,4.29639,550,0,1
540,-115.87,-118.48,0,1,19,6.60794,487,0,3
541,14,191.59,0,1,20,2.80344,567,0,4
542,-58.55,-130.35,0,1,18,7.68058,498,0,3
543,-140.28,26.7,0,1,20,9.80115,529,0,1
544,-49.84,-137.28,0,1,17,1.52555,574,0,3
545,9.56,199.91,0,1,19,4.27937,536,0,4
546,78.44,-38.58,0,1,12,9.56929,269,0,0
547,115.29,-95.22,0,1,16,8.19584,560,0,0
548,-9.76,190.38,0,1,19,3.41492,507,0,4
549,-114.34,-88.71,0,1,20,5.48811,628,0,3
550,-156.79,14.79,0,1,22,9.40738,479,0,1
551,-102.99,70.32,0,1,14,8.88523,466,0,1
552,-80.57,-160.86,0,1,18,0.325729,581,0,3
553,-142.8,7.19,0,1,17,6.50432,520,0,1
554,-74.66,-170.95,0,1,16,8.03509,557,0,3
555,-57.55,-185.25,0,1,21,5.51724,533,0,3
556,90.84,-96.07,0,1,22,7.37547,427,0,0
557,-68.01,-175.46,0,1,17,6.55902,597,0,3
558,17.67,183.47,0,1,20,1.62542,564,0,4
559,-30.33,-181.82,0,1,17,2.50002,526,0,3
560,110,-101.48,0,1,20,11.7354,515,0,0
561,16.83,192.52,0,1,18,2.97889,541,0,4
562,-148.43,-2.33,0,1,14,7.76353,685,0,1
563,-113.86,-91.64,0,1,19,2.96906,549,0,3
564,17.15,185.01,0,1,20,5.38101,523,0,4
565,30.54,-78.75,0,1,16,6.92,292,0,0
566,-135.92,27.96,0,1,18,4.53841,543,0,1
567,11.43,190.47,0,1,23,4.38813,506,0,4
568,-108.92,60.47,0,1,17,5.74196,475,0,1
569,148.88,53.84,0,1,18,4.48612,436,0,2
570,144.85,64.85,0,1,21,6.48449,412,0,2
571,-138.48,17.67,0,1,18,9.20766,543,0,1
572,-91.68,-103.39,0,1,13,3.27671,687,0,3
573,53.89,-92.19,0,1,14,7.57732,521,0,0
574,-48.56,-138.11,0,1,17,9.90884,433,0,3
575,-168.45,33.35,0,1,16,12.5623,613,0,1
576,113.29,79.23,0,1,17,6.01854,659,0,2
577,-45.76,-189.75,0,1,19,5.82151,510,0,3
578,1.53,174.53,0,1,22,8.44171,482,0,4
579,-51.2,-189.64,0,1,17,5.38741,533,0,3
580,-117.01,98.07,0,1,18,4.45533,473,0,1
581,-80.26,-160.96,0,1,18,5.19978,480,0,3
582,129.83,29.6,0,1,19,3.03832,624,0,2
583,-30.71,-168.85,0,1,20,7.05045,476,0,3
584,-164.59,17.52,0,1,17,4.23096,613,0,1
585,-137.66,22.2,0,1,15,4.60362,571,0,1
586,100.85,-55.84,0,1,14,6.91651,442,0,0
587,-43.21,16.37,0,1,17,8.57161,456,0,0
588,-33.45,-161,0,1,16,6.54558,626,0,3
589,-161.88,13.12,0,1,17,3.65268,608,0,1
590,-106.37,103.34,0,1,16,11.8736,580,0,1
591,-10.91,196.1,0,1,16,1.48661,593,0,4
592,-137.24,10.84,0,1,16,6.65102,553,0,1
593,-11.73,194.86,0,1,16,4.66141,497,0,4
594,19.13,174.96,0,1,11,8.63433,558,0,4
595,-152.06,-1.13,0,1,13,3.82321,562,0,1
596,137.21,32.38,0,1,15,3.44285,508,0,2
597,-63.54,-180.26,0,1,20,6.42953,509,0,3
598,105.47,-61.5,0,1,15,11.2216,364,0,0
599,-129.58,32.77,0,1,15,7.95812,566,0,1
600,99,78.27,0,1,17,6.86921,617,0,2
601,-105.95,-85.41,0,1,18,6.47508,653,0,3
602,148.82,68.16,0,1,19,1.04173,614,0,2
603,102.22,78.9,0,1,16,3.28105,600,0,2
604,-121.61,-94.99,0,1,20,0.94202,616,0,3
605,-127.72,-106.97,0,1,14,8.18653,535,0,3
606,-65.23,-183.45,0,1,15,3.61002,597,0,3
607,96.4,-105.5,0,1,16,2.42982,609,0,0
608,-161.02,9.57,0,1,18,6.71873,550,0,1
609,95.56,-103.22,0,1,18,6.58955,537,0,0
610,-121.48,-125.59,0,1,15,7.03248,612,0,3
611,-44.8,13.98,0,1,16,2.87058,587,0,0
612,-114.97,-128.25,0,1,18,3.30823,538,0,3
613,-167.2,20.85,0,1,17,4.38489,657,0,1
614,148.88,67.12,0,1,19,4.62534,570,0,2
615,-122.4,-93.31,0,1,20,2.68732,616,0,3
616,-121.76,-95.92,0,1,20,11.7792,535,0,3
617,94.5,73.08,0,1,17,13.2197,619,0,2
618,-36.37,-153.89,0,1,14,7.68625,588,0,3
619,106.34,78.96,0,1,19,6.56695,517,0,2
620,-96.02,88.34,0,1,11,11.8247,466,0,1
621,-4.88,171.54,0,1,15,7.07306,578,0,4
622,-29.56,-177.13,0,1,15,2.70512,525,0,3
623,-147.33,86.94,0,1,11,6.04723,469,0,1
624,132.5,31.05,0,1,20,10.1047,421,0,2
625,-127.52,-96.71,0,1,16,5.81392,616,0,3
626,-29.31,-166.07,0,1,18,3.11262,583,0,3
627,-89.84,-155.65,0,1,13,4.6408,648,0,3
628,-116.29,-83.58,0,1,21,6.01595,653,0,3
629,110.65,-65.83,0,1,13,6.75139,598,0,0
630,20.28,195.1,0,1,19,7.19434,541,0,4
631,100.07,-108.84,0,1,12,4.9623,607,0,0
632,-124.27,-116.28,0,1,16,8.68331,540,0,3
633,-97.93,-150.41,0,1,12,9.63876,627,0,3
634,7.37,18.22,0,1,12,7.68178,464,0,0
635,-44.89,21.41,0,1,16,5.31263,587,0,0
636,-169.12,42.79,0,1,11,3.48126,641,0,1
637,-121.35,-76.85,0,1,18,3.1637,670,0,3
638,158.27,64.29,0,1,13,2.84972,649,0,2
639,-128.6,-84.6,0,1,16,7.91669,670,0,3
640,161.17,72.32,0,1,12,2.64002,677,0,2
641,-166.06,41.13,0,1,12,8.13883,575,0,1
642,-112.46,-79.61,0,1,20,2.24404,653,0,3
643,-127.94,-75.52,0,1,11,4.34507,719,0,3
644,21.86,196.14,0,1,18,1.89156,630,0,4
645,155.44,58.71,0,1,13,6.1792,654,0,2
646,-108.67,-69.61,0,1,15,10.6941,642,0,3
647,-168.77,11.39,0,1,14,6.61396,657,0,1
648,-88.07,-159.94,0,1,14,7.55622,552,0,3
649,155.55,65.14,0,1,15,0.763223,654,0,2
650,13.09,205.04,0,1,15,6.22717,545,0,4
651,-166.96,1.81,0,1,20,16.4897,550,0,1
652,-108.33,-69.23,0,1,14,0.509897,646,0,3
653,-110.8,-81.12,0,1,21,18.8965,484,0,3
654,154.84,64.86,0,1,15,6.3741,614,0,2
655,-53.48,-129.85,0,1,14,5.09459,542,0,3
656,-172.4,18.05,0,1,16,1.15278,669,0,1
657,-170.36,17.81,0,1,17,10.4007,539,0,1
658,-111.54,109.03,0,1,14,1.73557,683,0,1
659,108.27,82.55,0,1,17,4.07591,619,0,2
660,118.47,-102.91,0,1,17,8.58987,560,0,0
661,-90.1,-107.58,0,1,15,5.37023,481,0,3
662,-78.55,-177.12,0,1,11,7.2939,554,0,3
663,-103.55,-83.6,0,1,14,3.00601,601,0,3
664,-175.4,34.5,0,1,10,7.0445,575,0,1
665,103.18,29.78,0,1,14,11.6665,502,0,2
666,98.2,83.25,0,1,15,5.04385,600,0,2
667,-111.47,50.58,0,1,10,10.1322,461,0,1
668,90.84,73.5,0,1,14,2.30361,690,0,2
669,-173.23,17.25,0,1,16,2.92412,657,0,1
670,-124.32,-77.94,0,1,18,9.81277,628,0,3
671,89.71,37.28,0,1,14,12.4298,431,0,2
672,158.25,72.76,0,1,12,0.530003,677,0,2
673,-36.05,26.67,0,1,13,8.83476,463,0,0
674,-58.63,-124.63,0,1,14,5.72057,542,0,3
675,-127.29,7.34,0,1,12,9.1073,711,0,1
676,-54.28,-191.08,0,1,15,3.4,579,0,3
677,158.53,72.31,0,1,12,7.76462,649,0,2
678,115.97,82.77,0,1,13,4.44004,576,0,2
679,-152.47,82.11,0,1,11,9.55377,494,0,1
680,-172.15,4.26,0,1,16,5.7392,651,0,1
681,-50.63,-129.85,0,1,13,2.85,655,0,3
682,-144.74,-10.69,0,1,12,6.90907,685,0,1
683,-113.03,108.14,0,1,15,8.20948,590,0,1
684,-18.17,191.7,0,1,14,7.17351,593,0,4
685,-141.08,-4.83,0,1,15,5.5283,698,0,1
686,19.87,199.35,0,1,16,3.7768,644,0,4
687,-89.66,-105.97,0,1,14,1.66904,661,0,3
688,-132.88,-106.13,0,1,12,5.22793,605,0,3
689,-102.63,-69.5,0,1,11,4.43968,696,0,3
690,90.59,75.79,0,1,14,4.75733,617,0,2
691,77.85,-101.28,0,1,12,10.0904,448,0,0
692,92.66,33.84,0,1,13,0.951894,694,0,2
693,118.8,-76.61,0,1,10,12.042,485,0,0
694,92.97,32.94,0,1,13,5.428,671,0,2
695,142.41,27.19,0,1,10,5.5736,699,0,2
696,-101.45,-73.78,0,1,12,8.24845,652,0,3
697,1.37,168.87,0,1,12,5.66226,578,0,4
698,-136.53,-1.69,0,1,16,10.8705,553,0,1
699,137.48,24.59,0,1,11,7.79468,596,0,2
700,-171.98,54.64,0,1,7,8.10161,724,0,1
701,-34.35,-149.96,0,1,12,4.41874,618,0,3
702,-13.73,203.23,0,1,14,7.66741,591,0,4
703,-51.7,12.3,0,1,12,7.10158,611,0,0
704,-40.06,-194.36,0,1,12,1.136,707,0,3
705,-126.64,22.01,0,1,11,11.0216,585,0,1
706,-53.25,12.01,0,1,10,1.57689,703,0,0
707,-40.58,-195.37,0,1,12,7.64308,577,0,3
708,81.91,46.8,0,1,11,8.10943,747,0,2
709,-182.31,5.6,0,1,11,10.248,680,0,1
710,89.63,31.25,0,1,12,3.74322,694,0,2
711,-131.19,-0.89,0,1,13,5.39959,698,0,1
712,170.14,81.86,0,1,12,21.2038,638,0,-1
713,-20.31,174.65,0,1,10,14.2904,722,0,4
714,89.2,90.67,0,1,13,9.42477,717,0,2
715,-96.22,109.16,0,1,12,11.7002,590,0,1
716,-135.38,-5.84,0,1,15,4.30639,698,0,1
717,88.9,81.25,0,1,13,2.15,721,0,2
718,-123.97,-7.98,0,1,10,10.1191,711,0,1
719,-127.73,-71.18,0,1,12,7.57138,670,0,3
720,76.68,-104.13,0,1,10,3.08081,691,0,0
721,91.05,81.25,0,1,13,5.47934,690,0,2
722,-6.77,170.08,0,1,13,2.38824,621,0,4
723,-167.14,67.67,0,1,4,13.8999,700,0,1
724,-174.17,46.84,0,1,8,6.47341,636,0,1
725,-25.48,191.01,0,1,9,7.34249,684,0,4
726,-35,31.27,0,1,9,4.71832,673,0,0
727,120.01,-112.91,0,1,12,10.1179,660,0,0
728,-56.96,19.79,0,1,7,8.61931,706,0,0
729,-31.17,-151.32,0,1,9,3.45861,701,0,3
730,85.13,79.42,0,1,11,4.19068,717,0,2
731,-133.9,-12.5,0,1,12,6.82247,716,0,1
732,-88.45,97.67,0,1,9,12.0147,620,0,1
733,-94.7,-82.11,0,1,11,8.97456,663,0,3
734,76.29,47.32,0,1,7,4.95791,738,0,2
735,105.21,-114.65,0,1,12,12.7019,607,0,0
736,90.17,27.69,0,1,9,3.60072,710,0,2
737,-88.97,-174.7,0,1,9,10.6973,662,0,3
738,76.57,42.37,0,1,10,3.28493,739,0,2
739,76.75,39.09,0,1,11,4.19381,747,0,2
740,-120.21,-0.41,0,1,8,8.45237,718,0,1
741,38.95,191.37,0,1,6,17.7432,644,0,4
742,-16.61,169.63,0,1,9,6.23621,713,0,4
743,-83.75,105.92,0,1,8,4.18743,770,0,1
744,152.59,83.59,0,1,9,12.2198,672,0,2
745,-44.22,-129.13,0,1,11,6.45031,681,0,3
746,128.1,-99.92,0,1,11,10.0835,660,0,0
747,80.93,38.75,0,1,11,8.90221,671,0,2
748,128.39,-98.37,0,1,10,1.57689,746,0,0
749,73.97,-107.35,0,1,6,4.20862,720,0,0
750,124.94,20.74,0,1,13,10.1199,582,0,2
751,-93.43,118.77,0,1,9,4.67001,777,0,1
752,-14.66,210.52,0,1,8,7.34909,702,0,4
753,-103.78,125.49,0,1,9,7.68526,777,0,1
754,33.79,4.74,0,1,6,6.25415,530,0,0
755,143.81,16.29,0,1,11,2.808,769,0,2
756,122.19,-117.22,0,1,11,4.11535,765,0,0
757,-141.88,-21.99,0,1,8,9.43205,778,0,1
758,178.17,89.47,0,1,10,0.306104,772,0,-1
759,108.35,-53.2,0,1,8,7.95108,586,0,0
760,-69.43,-105.54,0,1,5,16.1131,781,0,3
761,-134.74,109.53,0,1,3,9.33349,876,0,1
762,-35.52,34.17,0,1,8,2.94625,726,0,0
763,-2.49,166.13,0,1,11,4.73362,697,0,4
764,147.86,14.69,0,1,8,4.3546,755,0,2
765,124.79,-114.03,0,1,11,4.90946,727,0,0
766,73.07,85.62,0,1,7,13.5604,730,0,2
767,-55.53,-117.48,0,1,8,2.81016,792,0,3
768,-17.27,-178.42,0,1,10,12.3575,622,0,3
769,142.13,14.04,0,1,12,18.4496,750,0,2
770,-85.3,109.81,0,1,10,4.63839,791,0,1
771,-19.5,-189.8,0,1,9,11.5964,768,0,3
772,178.36,89.71,0,1,10,7.46966,783,0,-1
773,-118.15,28.28,0,1,7,6.84731,782,0,1
774,181.36,74.08,0,1,8,2.91239,788,0,-1
775,-88.78,64.83,0,1,3,10.4615,844,0,1
776,-56.56,32.21,0,1,6,12.4264,728,0,0
777,-97.5,121.06,0,1,11,11.9686,715,0,1
778,-132.51,-20.91,0,1,9,8.52409,731,0,1
779,116.09,-119.39,0,1,10,6.47449,756,0,0
780,134.4,-103.69,0,1,10,7.34185,746,0,0
781,-81.92,-95.36,0,1,8,12.6388,572,0,3
782,-115.16,34.44,0,1,7,14.5164,599,0,1
783,185.54,91.77,0,1,11,18.3131,712,0,-1
784,-146.13,-92.81,0,1,5,15.9969,851,0,3
785,-121.92,-53.86,0,1,4,11.5392,814,0,3
786,-88.75,120.73,0,1,9,8.29268,791,0,1
787,-113.72,124.99,0,1,7,9.95257,753,0,1
788,183.88,72.62,0,1,8,3.72135,804,0,-1
789,-100.83,-55.66,0,1,9,13.9566,689,0,3
790,-165.27,-17.99,0,1,6,5.56474,799,0,1
791,-83.69,114.16,0,1,10,13.4908,715,0,1
792,-54.54,-114.85,0,1,8,10.6008,674,0,3
793,-101.56,-167.51,0,1,7,14.4984,737,0,3
794,134.13,-93.06,0,1,8,7.81945,748,0,0
795,-173.34,-8.23,0,1,7,3.51729,832,0,1
796,30.63,207.53,0,1,6,13.5163,686,0,4
797,-192.41,23.22,0,1,3,6.18269,829,0,1
798,119.19,91.51,0,1,6,9.3143,678,0,2
799,-170.19,-15.39,0,1,6,6.97553,832,0,1
800,-99.19,-49.44,0,1,6,6.43257,789,0,3
801,-42.67,38.51,0,1,8,10.5473,726,0,0
802,126.82,-118.69,0,1,8,4.85775,756,0,0
803,-90.25,-53.48,0,1,5,6.628,812,0,3
804,187.47,73.6,0,1,8,18.2722,783,0,-1
805,185.77,71.49,0,1,7,2.20205,788,0,-1
806,-33.08,-203.35,0,1,6,10.9513,707,0,3
807,-144.34,-24.69,0,1,6,3.65261,757,0,1
808,-85.63,126.18,0,1,7,6.27988,786,0,1
809,84.95,102.16,0,1,5,4.08006,830,0,2
810,-184.08,51.08,0,1,5,10.779,724,0,1
811,-110.99,35.95,0,1,6,4.43498,782,0,1
812,-84.95,-57.46,0,1,6,15.9817,789,0,3
813,-113.06,-27.43,0,1,2,14.9393,854,0,3
814,-112.15,-47.72,0,1,5,13.0736,800,0,3
815,-11.14,214.12,0,1,6,5.03491,752,0,4
816,113.85,99.19,0,1,5,9.35404,798,0,2
817,-138.8,-71.62,0,1,6,11.0787,719,0,3
818,-78.9,86.08,0,1,5,15.0177,732,0,1
819,-106.19,-157.61,0,1,5,10.9292,793,0,3
820,196.55,94.58,0,1,6,11.3629,783,0,-1
821,145.94,5,0,1,7,8.26901,834,0,2
822,199.02,92.95,0,1,4,2.95936,820,0,-1
823,11.2,-77.94,0,1,3,17.8151,534,0,0
824,176.28,102.81,0,1,5,13.2641,772,0,-1
825,-108.52,-1.67,0,1,4,11.7577,740,0,1
826,-89.59,-39.01,0,1,5,14.1755,800,0,3
827,-71.02,101.17,0,1,8,16.6904,770,0,1
828,201.85,96.03,0,1,4,5.49477,820,0,-1
829,-195.77,18.03,0,1,4,4.6126,855,0,1
830,88.32,104.46,0,1,5,13.8181,714,0,2
831,-59.51,42.02,0,1,5,10.244,776,0,0
832,-175.57,-10.95,0,1,7,15.3932,651,0,1
833,146.9,-3.72,0,1,5,3.31406,834,0,2
834,149.88,-2.27,0,1,7,17.0799,764,0,2
835,-107.99,31.03,0,1,5,5.7625,811,0,1
836,3.72,159.94,0,1,6,8.76814,763,0,4
837,69.86,104.73,0,1,7,23.9107,714,0,-1
838,-45.46,45.89,0,1,6,7.88977,801,0,0
839,-151.74,-115.27,0,1,3,7.92713,851,0,3
840,-16.58,83.32,0,1,5,13.8643,858,0,-1
841,165.44,4.82,0,1,3,17.0992,834,0,2
842,-68.45,-96.8,0,1,3,8.79477,760,0,3
843,-9.45,-193.64,0,1,3,10.7586,771,0,3
844,-90.37,54.49,0,1,4,19.4901,568,0,1
845,150.25,-95.28,0,1,4,16.2721,794,0,0
846,-98.38,-8.48,0,1,4,12.1159,854,0,3
847,58.98,33.97,0,1,3,18.4929,739,0,2
848,-17.37,80.34,0,1,4,3.08294,840,0,-1
849,-131.35,129.83,0,1,4,7.22382,857,0,1
850,-3.55,63.23,0,1,3,8.54059,865,0,-1
851,-152.69,-107.4,0,1,5,19.8507,688,0,3
852,189.2,114.16,0,1,2,17.1974,824,0,-1
853,-126.22,-46.18,0,1,3,8.80184,785,0,3
854,-99.82,-20.51,0,1,4,10.5415,860,0,3
855,-199.58,15.43,0,1,4,19.8716,709,0,1
856,64.94,58.76,0,1,2,16.1151,734,0,2
857,-124.2,130.86,0,1,4,12.012,787,0,1
858,-22.9,70.98,0,1,5,3.05641,862,0,-1
859,101.46,-130.87,0,1,4,16.6478,735,0,0
860,-89.56,-22.93,0,1,4,16.08,826,0,3
861,-59.79,96.14,0,1,3,4.18055,874,0,1
862,-25.44,69.28,0,1,5,30.7879,838,0,-1
863,-7.63,101.82,0,1,1,20.5512,840,0,-1
864,-18.33,218.82,0,1,5,8.58989,815,0,4
865,-10.05,57.69,0,1,4,18.4864,858,0,-1
866,-90.2,-193.2,0,1,4,18.5408,737,0,3
867,48.24,197.6,0,1,2,11.1856,741,0,4
868,161.49,-23.1,0,1,2,14.8663,890,0,-1
869,-211.32,199.59,0,1,4,19.593,899,0,-1
870,56.32,95.85,0,1,4,16.1922,837,0,-1
871,73.55,117.9,0,1,5,13.6772,837,0,-1
872,-157.22,-33.54,0,1,4,15.6274,807,0,1
873,152.9,-193.79,0,1,4,17.6746,877,0,-1
874,-55.82,97.45,0,1,3,15.6486,827,0,1
875,82.37,-154.18,0,1,2,11.513,883,0,-1
876,-144.03,110.43,0,1,3,19.688,527,0,1
877,165.13,-181.03,0,1,4,73.1706,802,0,-1
878,-30.61,95.87,0,1,2,18.824,840,0,-1
879,169.61,-178.41,0,1,3,5.18987,877,0,-1
880,139.89,-76.15,0,1,2,17.8641,794,0,0
881,-133.64,143.67,0,1,4,27.3084,787,0,-1
882,50.57,-217.21,0,1,3,13.8227,917,0,-1
883,83.75,-165.61,0,1,4,55.2942,735,0,-1
884,167.3,159.8,0,1,3,15.7044,893,0,-1
885,-71.62,-68.71,0,1,3,17.4428,812,0,3
886,-63.06,132.28,0,1,3,14.2941,904,0,-1
887,-206.06,207.94,0,1,3,9.86865,869,0,-1
888,21.83,34.6,0,1,2,18.1066,912,0,-1
889,-90.55,174.5,0,1,2,5.83757,933,0,-1
890,176.2,-20.95,0,1,3,32.2751,834,0,-1
891,154.01,-200.93,0,1,3,7.22577,873,0,-1
892,89.94,-175.25,0,1,3,7.03887,913,0,-1
893,156.96,147.98,0,1,3,18.6225,926,0,-1
894,11.74,53.49,0,1,2,18.1288,850,0,-1
895,-70.23,75.82,0,1,2,13.4327,818,0,1
896,-72.92,52.3,0,1,3,16.8969,831,0,0
897,-153.83,199.29,0,1,2,17.8897,936,0,-1
898,-107.26,-183.61,0,1,3,17.0792,793,0,3
899,-218.5,217.82,0,1,4,999,-1,0,-1
900,42.42,173.1,0,1,2,18.5966,741,0,4
901,-26.56,230,0,1,2,13.8825,864,0,4
902,-225.45,213.66,0,1,3,8.09988,899,0,-1
903,-208.42,44.23,0,1,2,14.2217,950,0,-1
904,-50.46,139.03,0,1,3,4.26392,915,0,-1
905,110.59,173.8,0,1,1,24.6791,907,0,-1
906,206.69,-54.09,0,1,1,24.4722,972,0,-1
907,134.68,168.44,0,1,2,16.9702,926,0,-1
908,-197.99,180.01,0,1,1,23.6868,869,0,-1
909,165.08,182.24,0,1,2,16.1862,946,0,-1
910,-173.08,188.31,0,1,1,22.1613,897,0,-1
911,-205.48,-60.18,0,1,2,15.744,969,0,-1
912,38.82,40.86,0,1,2,21.3049,847,0,-1
913,84.47,-179.68,0,1,3,14.0884,883,0,-1
914,-135.44,160.1,0,1,2,16.5283,881,0,-1
915,-46.29,139.92,0,1,3,41.6704,808,0,-1
916,185.52,-13.35,0,1,2,12.0259,890,0,-1
917,62.53,-224.14,0,1,3,8.8215,927,0,-1
918,-10.58,-137.83,0,1,1,24.6156,729,0,-1
919,-90.77,197.17,0,1,1,21.6117,933,0,-1
920,180.35,-177.28,0,1,3,15.6752,877,0,-1
921,107.82,223.36,0,1,2,17.0679,941,0,-1
922,173.79,159.79,0,1,2,6.49,884,0,-1
923,-114.92,167.81,0,1,1,21.9206,914,0,-1
924,47.25,74.7,0,1,1,23.0128,870,0,-1
925,104.78,-140.51,0,1,2,10.1957,859,0,0
926,138.77,151.97,0,1,3,58.3672,816,0,-1
927,68.95,-218.09,0,1,3,54.527,883,0,-1
928,183.49,-44.48,0,1,2,3.82608,931,0,-1
929,46.87,-178.43,0,1,2,1.84001,973,0,-1
930,50.55,102.89,0,1,3,9.10245,870,0,-1
931,179.91,-43.13,0,1,2,22.4881,890,0,-1
932,28.72,-218.23,0,1,2,15.45,962,0,-1
933,-85.01,176.34,0,1,2,49.2248,886,0,-1
934,151.61,-207.9,0,1,3,14.1688,873,0,-1
935,-151,-125.41,0,1,3,18.0891,851,0,3
936,-165.85,212.54,0,1,2,40.4723,887,0,-1
937,-62.73,-26.17,0,1,1,27.0249,860,0,-1
938,-30.01,-82.16,0,1,2,14.8112,961,0,-1
939,-198.84,120.93,0,1,1,22.5024,956,0,-1
940,-1.38,-107.19,0,1,2,12.632,942,0,-1
941,124.88,223.88,0,1,2,59.6943,946,0,-1
942,11.02,-109.6,0,1,2,31.6605,823,0,-1
943,219.38,44.14,0,1,2,2.82143,948,0,-1
944,85.29,222.39,0,1,1,22.5509,921,0,-1
945,-222.51,-3.68,0,1,2,18.4861,971,0,-1
946,176.43,193.78,0,1,2,25.327,947,0,-1
947,185.85,217.29,0,1,2,18.5103,963,0,-1
948,221.69,45.76,0,1,2,44.1143,804,0,-1
949,-195.01,-80.14,0,1,1,22.5394,911,0,-1
950,-222.27,41,0,1,2,34.1857,855,0,-1
951,227.34,102.66,0,1,1,26.3381,828,0,-1
952,-136.73,188.82,0,1,1,20.0507,897,0,-1
953,5.76,119.62,0,1,1,30.4875,954,0,-1
954,15.38,90.69,0,1,1,32.7988,840,0,-1
955,-8.29,-215.48,0,1,1,21.8708,843,0,-1
956,-215.86,135.65,0,1,1,55.2435,978,0,-1
957,217.93,-94.74,0,1,2,6.05576,970,0,-1
958,230,-117.35,0,1,2,15.0477,960,0,-1
959,-61.5,-72,0,1,2,10.6414,885,0,3
960,215.97,-122.79,0,1,2,31.5719,970,0,-1
961,-28.78,-67.4,0,1,2,31.7847,524,0,-1
962,25.69,-203.08,0,1,2,28.6124,882,0,-1
963,202.44,225.5,0,1,2,74.5071,884,0,-1
964,-79.99,-226.8,0,1,2,10.3473,968,0,-1
965,54.55,-152.15,0,1,1,26.2162,987,0,-1
966,164.86,-97.89,0,1,2,14.8413,845,0,0
967,27.91,-162.19,0,1,1,24.9644,929,0,-1
968,-89.83,-230,0,1,2,36.8019,866,0,-1
969,-217.3,-49.78,0,1,2,36.3436,971,0,-1
970,223.38,-92.1,0,1,2,73.1991,845,0,-1
971,-207.69,-14.73,0,1,2,31.2314,855,0,-1
972,221.29,-34.45,0,1,1,39.1081,928,0,-1
973,46.87,-180.27,0,1,2,37.1248,882,0,-1
974,84.93,166.13,0,1,1,32.4262,989,0,-1
975,63.32,129.43,0,1,2,15.4141,871,0,-1
976,-230,-217.98,0,1,1,44.982,999,0,-1
977,-142.46,-195.96,0,1,1,26.4086,988,0,-1
978,-192.39,85.64,0,1,1,30.9917,723,0,-1
979,-170.09,-66.53,0,1,1,31.7013,817,0,-1
980,-140.8,-162.65,0,1,1,34.975,819,0,-1
981,-174.47,-209.6,0,1,1,35.6533,999,0,-1
982,-227.04,-98.18,0,1,1,31.7113,983,0,-1
983,-214.12,-127.14,0,1,1,59.1812,999,0,-1
984,-53.37,214.91,0,1,1,30.765,901,0,-1
985,229.54,-147.83,0,1,1,28.4806,960,0,-1
986,98.48,-210.49,0,1,1,30.4923,927,0,-1
987,47.68,-126.85,0,1,1,32.7325,749,0,-1
988,-122.78,-213.57,0,1,1,33.7413,898,0,-1
989,97.43,196.05,0,1,1,29.2197,921,0,-1
990,208.11,-195.95,0,1,1,32.6819,998,0,-1
991,-228.87,69.29,0,1,1,29.0497,950,0,-1
992,137.95,195.99,0,1,1,27.7434,907,0,-1
993,169.87,-122.36,0,1,1,24.9776,966,0,-1
994,-191.6,-37.74,0,1,1,26.3857,911,0,-1
995,172.93,-66.66,0,1,1,24.5435,931,0,-1
996,191.85,33.12,0,1,1,29.6537,943,0,-1
997,-103.49,219.02,0,1,1,46.3624,889,0,-1
998,188.1,-221.79,0,1,1,39.0442,934,0,-1
999,-199.87,-184.58,0,1,1,76.7422,935,0,-1
