30.72,-33.71,0.00,1.00
30.26,-33.68,0.00,1.00
29.13,-35.69,0.00,1.00
31.26,-34.13,0.00,1.00
29.28,-33.06,0.00,1.00
38.07,-41.37,0.00,1.00
31.38,-32.80,0.00,1.00
45.99,-46.01,0.00,1.00
40.57,-45.30,0.00,1.00
40.12,-45.05,0.00,1.00
30.08,-33.60,0.00,1.00
28.29,-32.73,0.00,1.00
41.55,-44.56,0.00,1.00
39.27,-43.79,0.00,1.00
43.34,-46.23,0.00,1.00
30.01,-32.57,0.00,1.00
36.17,-43.34,0.00,1.00
46.17,-47.26,0.00,1.00
35.14,-38.98,0.00,1.00
39.38,-39.16,0.00,1.00
27.43,-32.86,0.00,1.00
41.52,-46.36,0.00,1.00
38.97,-47.19,0.00,1.00
33.80,-40.26,0.00,1.00
40.76,-44.49,0.00,1.00
41.65,-44.26,0.00,1.00
30.58,-32.40,0.00,1.00
46.00,-47.64,0.00,1.00
44.10,-48.84,0.00,1.00
33.58,-32.34,0.00,1.00
32.84,-33.87,0.00,1.00
43.05,-46.23,0.00,1.00
35.39,-41.90,0.00,1.00
42.79,-48.22,0.00,1.00
41.69,-46.01,0.00,1.00
45.26,-43.39,0.00,1.00
39.24,-45.02,0.00,1.00
41.09,-41.13,0.00,1.00
41.93,-39.64,0.00,1.00
38.34,-43.40,0.00,1.00
42.99,-45.15,0.00,1.00
40.26,-40.35,0.00,1.00
45.72,-43.36,0.00,1.00
33.80,-42.39,0.00,1.00
25.57,-35.07,0.00,1.00
44.99,-44.25,0.00,1.00
36.09,-37.90,0.00,1.00
33.00,-35.46,0.00,1.00
44.19,-43.21,0.00,1.00
33.49,-32.64,0.00,1.00
35.13,-34.79,0.00,1.00
26.68,-32.82,0.00,1.00
44.63,-50.23,0.00,1.00
47.70,-44.39,0.00,1.00
41.02,-42.34,0.00,1.00
45.47,-49.69,0.00,1.00
44.23,-45.54,0.00,1.00
32.87,-36.73,0.00,1.00
27.89,-31.34,0.00,1.00
42.47,-41.50,0.00,1.00
31.47,-37.25,0.00,1.00
46.78,-47.45,0.00,1.00
26.61,-36.85,0.00,1.00
42.21,-48.78,0.00,1.00
30.37,-30.89,0.00,1.00
34.82,-38.52,0.00,1.00
36.01,-37.65,0.00,1.00
45.25,-43.02,0.00,1.00
35.51,-32.13,0.00,1.00
44.83,-49.74,0.00,1.00
38.93,-37.18,0.00,1.00
33.31,-39.31,0.00,1.00
27.14,-31.27,0.00,1.00
31.04,-38.26,0.00,1.00
34.05,-37.31,0.00,1.00
32.79,-39.70,0.00,1.00
33.62,-38.97,0.00,1.00
44.09,-41.36,0.00,1.00
24.38,-34.65,0.00,1.00
43.80,-42.13,0.00,1.00
29.54,-30.18,0.00,1.00
43.97,-50.82,0.00,1.00
44.11,-50.91,0.00,1.00
35.86,-36.16,0.00,1.00
37.32,-36.39,0.00,1.00
24.77,-35.59,0.00,1.00
35.12,-36.25,0.00,1.00
33.52,-43.00,0.00,1.00
37.16,-35.48,0.00,1.00
36.67,-36.06,0.00,1.00
30.59,-29.22,0.00,1.00
36.58,-46.34,0.00,1.00
48.79,-48.15,0.00,1.00
34.59,-45.57,0.00,1.00
35.69,-31.98,0.00,1.00
27.10,-38.54,0.00,1.00
40.53,-50.19,0.00,1.00
26.54,-37.24,0.00,1.00
37.76,-35.99,0.00,1.00
31.22,-38.53,0.00,1.00
31.55,-38.47,0.00,1.00
34.02,-29.61,0.00,1.00
46.35,-49.75,0.00,1.00
48.96,-45.37,0.00,1.00
49.94,-47.40,0.00,1.00
48.68,-47.08,0.00,1.00
35.16,-46.03,0.00,1.00
37.91,-35.46,0.00,1.00
36.10,-34.28,0.00,1.00
43.18,-50.95,0.00,1.00
47.99,-42.81,0.00,1.00
37.62,-48.05,0.00,1.00
45.52,-51.46,0.00,1.00
31.57,-42.67,0.00,1.00
44.27,-39.44,0.00,1.00
39.63,-36.83,0.00,1.00
22.42,-31.91,0.00,1.00
47.02,-51.99,0.00,1.00
23.76,-35.74,0.00,1.00
50.02,-45.57,0.00,1.00
27.53,-29.43,0.00,1.00
30.29,-38.96,0.00,1.00
34.91,-46.23,0.00,1.00
23.95,-28.54,0.00,1.00
25.09,-38.16,0.00,1.00
35.18,-30.14,0.00,1.00
50.89,-46.13,0.00,1.00
39.49,-50.06,0.00,1.00
23.19,-34.52,0.00,1.00
24.12,-37.52,0.00,1.00
30.31,-39.33,0.00,1.00
24.39,-33.61,0.00,1.00
22.23,-33.97,0.00,1.00
33.18,-45.53,0.00,1.00
46.42,-52.21,0.00,1.00
34.68,-46.76,0.00,1.00
50.32,-43.74,0.00,1.00
20.20,-30.39,0.00,1.00
39.23,-34.64,0.00,1.00
48.98,-50.62,0.00,1.00
39.00,-35.84,0.00,1.00
50.08,-43.22,0.00,1.00
31.50,-44.00,0.00,1.00
23.00,-33.04,0.00,1.00
21.70,-28.83,0.00,1.00
50.99,-48.99,0.00,1.00
31.72,-44.06,0.00,1.00
39.60,-35.77,0.00,1.00
51.41,-45.79,0.00,1.00
37.06,-32.82,0.00,1.00
31.78,-44.89,0.00,1.00
21.55,-32.05,0.00,1.00
52.70,-45.26,0.00,1.00
33.07,-28.88,0.00,1.00
46.37,-41.24,0.00,1.00
49.51,-51.04,0.00,1.00
46.03,-52.89,0.00,1.00
50.35,-49.68,0.00,1.00
30.01,-28.38,0.00,1.00
36.48,-30.17,0.00,1.00
26.66,-40.57,0.00,1.00
45.73,-38.28,0.00,1.00
28.37,-28.57,0.00,1.00
50.64,-50.40,0.00,1.00
27.06,-26.43,0.00,1.00
49.95,-51.70,0.00,1.00
28.92,-27.63,0.00,1.00
36.26,-48.99,0.00,1.00
47.76,-39.58,0.00,1.00
37.80,-50.59,0.00,1.00
33.78,-47.53,0.00,1.00
30.33,-44.64,0.00,1.00
42.88,-52.82,0.00,1.00
21.51,-27.69,0.00,1.00
21.29,-34.84,0.00,1.00
20.42,-33.18,0.00,1.00
36.52,-29.75,0.00,1.00
45.83,-37.77,0.00,1.00
34.24,-28.32,0.00,1.00
53.20,-52.30,0.00,1.00
29.06,-26.48,0.00,1.00
39.99,-53.17,0.00,1.00
53.43,-45.81,0.00,1.00
36.43,-49.68,0.00,1.00
26.60,-25.90,0.00,1.00
19.76,-34.63,0.00,1.00
49.01,-54.33,0.00,1.00
23.54,-39.00,0.00,1.00
18.67,-28.67,0.00,1.00
47.03,-38.70,0.00,1.00
28.43,-25.46,0.00,1.00
40.09,-32.81,0.00,1.00
31.39,-27.48,0.00,1.00
28.96,-26.01,0.00,1.00
20.15,-26.80,0.00,1.00
28.62,-24.62,0.00,1.00
19.55,-27.48,0.00,1.00
40.79,-53.20,0.00,1.00
46.84,-54.78,0.00,1.00
52.57,-42.83,0.00,1.00
29.30,-26.16,0.00,1.00
41.00,-53.68,0.00,1.00
27.64,-25.09,0.00,1.00
20.71,-26.38,0.00,1.00
31.50,-47.26,0.00,1.00
23.49,-40.02,0.00,1.00
21.58,-38.37,0.00,1.00
51.87,-42.55,0.00,1.00
48.14,-39.90,0.00,1.00
26.16,-41.33,0.00,1.00
18.48,-32.52,0.00,1.00
53.40,-48.09,0.00,1.00
19.09,-26.51,0.00,1.00
48.88,-39.65,0.00,1.00
54.52,-44.99,0.00,1.00
46.55,-53.70,0.00,1.00
42.50,-36.39,0.00,1.00
39.00,-31.68,0.00,1.00
52.49,-53.22,0.00,1.00
55.31,-51.41,0.00,1.00
47.03,-37.13,0.00,1.00
17.65,-30.17,0.00,1.00
31.76,-26.65,0.00,1.00
18.41,-32.48,0.00,1.00
30.38,-26.41,0.00,1.00
55.00,-51.82,0.00,1.00
35.79,-28.01,0.00,1.00
45.01,-35.76,0.00,1.00
30.05,-25.69,0.00,1.00
54.78,-44.94,0.00,1.00
46.13,-55.41,0.00,1.00
51.77,-41.98,0.00,1.00
32.69,-27.03,0.00,1.00
18.89,-33.36,0.00,1.00
47.41,-37.88,0.00,1.00
54.81,-52.18,0.00,1.00
29.39,-45.59,0.00,1.00
57.34,-51.00,0.00,1.00
24.67,-25.18,0.00,1.00
22.97,-40.63,0.00,1.00
34.43,-49.69,0.00,1.00
24.22,-24.39,0.00,1.00
16.34,-26.00,0.00,1.00
45.39,-55.57,0.00,1.00
53.50,-54.32,0.00,1.00
17.96,-33.14,0.00,1.00
19.97,-37.74,0.00,1.00
27.99,-23.78,0.00,1.00
21.47,-25.18,0.00,1.00
40.10,-31.23,0.00,1.00
22.22,-22.90,0.00,1.00
46.08,-56.57,0.00,1.00
19.61,-22.85,0.00,1.00
29.42,-24.45,0.00,1.00
21.81,-24.31,0.00,1.00
40.54,-32.17,0.00,1.00
30.56,-48.01,0.00,1.00
32.29,-25.56,0.00,1.00
27.59,-44.50,0.00,1.00
51.44,-39.82,0.00,1.00
14.59,-25.77,0.00,1.00
39.94,-30.59,0.00,1.00
19.95,-39.44,0.00,1.00
15.13,-32.45,0.00,1.00
16.16,-22.54,0.00,1.00
26.50,-43.01,0.00,1.00
42.09,-54.89,0.00,1.00
41.98,-32.99,0.00,1.00
55.16,-54.35,0.00,1.00
55.41,-43.56,0.00,1.00
19.07,-38.49,0.00,1.00
15.82,-23.21,0.00,1.00
35.46,-52.33,0.00,1.00
19.67,-39.24,0.00,1.00
14.45,-28.74,0.00,1.00
52.56,-55.35,0.00,1.00
19.34,-21.80,0.00,1.00
19.43,-21.36,0.00,1.00
18.23,-22.40,0.00,1.00
14.53,-30.07,0.00,1.00
44.60,-56.83,0.00,1.00
18.42,-35.48,0.00,1.00
13.21,-28.80,0.00,1.00
43.26,-33.53,0.00,1.00
30.94,-49.07,0.00,1.00
45.16,-57.48,0.00,1.00
32.34,-49.88,0.00,1.00
19.66,-39.88,0.00,1.00
53.62,-55.37,0.00,1.00
16.99,-34.34,0.00,1.00
57.58,-44.91,0.00,1.00
13.08,-26.84,0.00,1.00
30.31,-48.62,0.00,1.00
13.22,-25.87,0.00,1.00
17.04,-20.84,0.00,1.00
44.46,-33.85,0.00,1.00
21.91,-19.46,0.00,1.00
47.90,-36.05,0.00,1.00
14.02,-30.58,0.00,1.00
57.21,-43.94,0.00,1.00
29.52,-22.43,0.00,1.00
26.14,-22.18,0.00,1.00
21.89,-20.38,0.00,1.00
22.04,-19.73,0.00,1.00
31.82,-49.74,0.00,1.00
58.80,-50.24,0.00,1.00
33.35,-51.41,0.00,1.00
13.24,-32.27,0.00,1.00
58.96,-48.00,0.00,1.00
56.42,-43.34,0.00,1.00
27.79,-21.69,0.00,1.00
20.06,-41.35,0.00,1.00
41.33,-56.02,0.00,1.00
21.72,-19.11,0.00,1.00
14.29,-20.31,0.00,1.00
16.60,-34.99,0.00,1.00
28.33,-47.96,0.00,1.00
50.70,-56.39,0.00,1.00
20.10,-20.34,0.00,1.00
57.58,-54.19,0.00,1.00
24.57,-43.33,0.00,1.00
31.80,-50.52,0.00,1.00
40.24,-28.46,0.00,1.00
33.00,-51.89,0.00,1.00
52.56,-56.84,0.00,1.00
58.89,-56.31,0.00,1.00
55.07,-57.30,0.00,1.00
12.66,-19.49,0.00,1.00
55.48,-58.03,0.00,1.00
42.63,-56.21,0.00,1.00
51.37,-57.00,0.00,1.00
14.94,-19.83,0.00,1.00
58.45,-45.98,0.00,1.00
55.37,-56.92,0.00,1.00
54.31,-58.94,0.00,1.00
54.45,-41.17,0.00,1.00
49.03,-57.52,0.00,1.00
23.74,-21.67,0.00,1.00
51.52,-57.27,0.00,1.00
17.25,-19.44,0.00,1.00
13.07,-21.10,0.00,1.00
21.53,-42.10,0.00,1.00
13.53,-20.81,0.00,1.00
11.99,-19.62,0.00,1.00
15.49,-20.98,0.00,1.00
13.21,-23.69,0.00,1.00
14.13,-33.82,0.00,1.00
18.19,-19.79,0.00,1.00
25.07,-44.24,0.00,1.00
38.81,-27.15,0.00,1.00
11.90,-19.68,0.00,1.00
54.56,-57.33,0.00,1.00
11.70,-20.50,0.00,1.00
55.39,-41.64,0.00,1.00
11.62,-22.38,0.00,1.00
50.86,-57.66,0.00,1.00
11.79,-27.29,0.00,1.00
12.52,-30.28,0.00,1.00
11.62,-22.36,0.00,1.00
57.68,-54.87,0.00,1.00
50.74,-57.60,0.00,1.00
49.48,-36.17,0.00,1.00
35.99,-54.20,0.00,1.00
42.44,-31.85,0.00,1.00
43.09,-57.26,0.00,1.00
17.08,-19.23,0.00,1.00
43.98,-32.60,0.00,1.00
53.73,-40.31,0.00,1.00
20.27,-41.76,0.00,1.00
13.39,-19.05,0.00,1.00
12.37,-33.02,0.00,1.00
51.31,-58.55,0.00,1.00
30.66,-22.23,0.00,1.00
24.92,-44.96,0.00,1.00
41.51,-29.74,0.00,1.00
46.34,-58.17,0.00,1.00
23.29,-19.53,0.00,1.00
10.31,-20.09,0.00,1.00
44.34,-32.96,0.00,1.00
54.32,-40.77,0.00,1.00
11.79,-22.71,0.00,1.00
10.77,-19.03,0.00,1.00
59.75,-50.27,0.00,1.00
15.11,-18.78,0.00,1.00
8.10,-20.27,0.00,1.00
53.88,-39.96,0.00,1.00
38.79,-26.79,0.00,1.00
14.29,-18.34,0.00,1.00
24.95,-45.02,0.00,1.00
8.71,-20.59,0.00,1.00
9.88,-19.24,0.00,1.00
49.76,-58.49,0.00,1.00
23.16,-43.89,0.00,1.00
24.61,-45.46,0.00,1.00
53.42,-39.59,0.00,1.00
36.66,-54.84,0.00,1.00
9.39,-19.54,0.00,1.00
39.48,-56.05,0.00,1.00
58.54,-44.19,0.00,1.00
56.40,-41.54,0.00,1.00
52.08,-60.42,0.00,1.00
55.76,-60.77,0.00,1.00
19.87,-18.01,0.00,1.00
6.22,-18.11,0.00,1.00
11.51,-17.90,0.00,1.00
12.23,-34.07,0.00,1.00
24.28,-20.04,0.00,1.00
7.98,-21.09,0.00,1.00
15.14,-16.70,0.00,1.00
61.02,-48.33,0.00,1.00
10.39,-29.78,0.00,1.00
11.79,-17.65,0.00,1.00
37.82,-26.19,0.00,1.00
48.51,-59.00,0.00,1.00
55.34,-61.54,0.00,1.00
62.33,-57.41,0.00,1.00
22.29,-18.05,0.00,1.00
26.30,-20.63,0.00,1.00
8.60,-24.52,0.00,1.00
15.16,-16.59,0.00,1.00
16.87,-40.43,0.00,1.00
60.69,-50.98,0.00,1.00
52.69,-61.97,0.00,1.00
42.39,-58.27,0.00,1.00
6.43,-19.14,0.00,1.00
59.97,-46.36,0.00,1.00
7.51,-20.02,0.00,1.00
19.36,-42.18,0.00,1.00
62.89,-55.19,0.00,1.00
4.87,-21.10,0.00,1.00
6.90,-23.07,0.00,1.00
45.58,-31.68,0.00,1.00
51.43,-61.02,0.00,1.00
7.02,-13.85,0.00,1.00
6.58,-20.39,0.00,1.00
6.15,-19.16,0.00,1.00
52.39,-36.45,0.00,1.00
56.53,-61.22,0.00,1.00
13.31,-16.57,0.00,1.00
63.04,-54.79,0.00,1.00
9.21,-27.03,0.00,1.00
8.66,-28.62,0.00,1.00
58.83,-61.58,0.00,1.00
4.28,-14.64,0.00,1.00
61.17,-49.19,0.00,1.00
7.93,-23.55,0.00,1.00
34.99,-55.00,0.00,1.00
20.77,-17.29,0.00,1.00
45.66,-59.64,0.00,1.00
7.74,-14.53,0.00,1.00
46.45,-32.79,0.00,1.00
5.54,-14.01,0.00,1.00
6.55,-24.27,0.00,1.00
40.72,-26.94,0.00,1.00
32.76,-54.25,0.00,1.00
46.39,-32.28,0.00,1.00
8.93,-29.24,0.00,1.00
44.66,-30.34,0.00,1.00
48.69,-60.96,0.00,1.00
63.49,-60.17,0.00,1.00
4.98,-23.61,0.00,1.00
46.86,-59.49,0.00,1.00
46.94,-59.89,0.00,1.00
3.90,-17.13,0.00,1.00
4.32,-22.83,0.00,1.00
3.93,-13.91,0.00,1.00
4.59,-19.91,0.00,1.00
9.00,-13.75,0.00,1.00
46.39,-59.92,0.00,1.00
5.24,-16.31,0.00,1.00
7.88,-12.72,0.00,1.00
27.27,-20.08,0.00,1.00
49.12,-34.10,0.00,1.00
57.26,-40.67,0.00,1.00
9.09,-30.88,0.00,1.00
47.70,-33.49,0.00,1.00
4.09,-12.91,0.00,1.00
10.21,-13.48,0.00,1.00
22.14,-16.76,0.00,1.00
61.37,-47.37,0.00,1.00
62.06,-49.52,0.00,1.00
61.32,-46.59,0.00,1.00
56.82,-62.60,0.00,1.00
58.72,-62.91,0.00,1.00
64.41,-60.89,0.00,1.00
5.00,-13.04,0.00,1.00
6.00,-12.53,0.00,1.00
55.08,-63.34,0.00,1.00
4.97,-12.83,0.00,1.00
5.50,-12.41,0.00,1.00
30.95,-19.55,0.00,1.00
65.89,-58.79,0.00,1.00
17.47,-15.48,0.00,1.00
64.88,-56.07,0.00,1.00
15.30,-15.10,0.00,1.00
45.69,-61.02,0.00,1.00
61.33,-62.96,0.00,1.00
38.18,-24.37,0.00,1.00
58.42,-41.30,0.00,1.00
8.87,-32.49,0.00,1.00
3.31,-12.63,0.00,1.00
62.98,-49.04,0.00,1.00
19.05,-43.24,0.00,1.00
21.35,-16.11,0.00,1.00
5.39,-25.44,0.00,1.00
11.71,-13.85,0.00,1.00
6.50,-11.77,0.00,1.00
6.97,-11.80,0.00,1.00
54.44,-63.57,0.00,1.00
63.22,-49.23,0.00,1.00
58.89,-63.72,0.00,1.00
20.45,-15.68,0.00,1.00
15.61,-14.65,0.00,1.00
63.23,-62.36,0.00,1.00
8.99,-11.95,0.00,1.00
5.27,-26.27,0.00,1.00
6.52,-27.53,0.00,1.00
3.48,-23.87,0.00,1.00
11.32,-35.98,0.00,1.00
65.21,-61.21,0.00,1.00
34.58,-55.64,0.00,1.00
54.22,-63.63,0.00,1.00
30.09,-53.35,0.00,1.00
2.74,-20.95,0.00,1.00
4.78,-11.69,0.00,1.00
64.35,-62.76,0.00,1.00
4.02,-24.89,0.00,1.00
58.00,-63.70,0.00,1.00
14.83,-13.79,0.00,1.00
4.80,-26.81,0.00,1.00
1.18,-12.50,0.00,1.00
28.06,-51.72,0.00,1.00
62.22,-63.36,0.00,1.00
63.95,-49.85,0.00,1.00
63.99,-62.45,0.00,1.00
8.84,-11.13,0.00,1.00
46.06,-30.11,0.00,1.00
67.03,-58.95,0.00,1.00
9.20,-35.00,0.00,1.00
62.07,-64.13,0.00,1.00
64.42,-48.14,0.00,1.00
59.29,-41.95,0.00,1.00
62.92,-65.45,0.00,1.00
67.34,-57.71,0.00,1.00
4.77,-10.79,0.00,1.00
7.46,-31.17,0.00,1.00
5.36,-28.76,0.00,1.00
67.44,-60.62,0.00,1.00
19.16,-14.62,0.00,1.00
61.47,-44.50,0.00,1.00
57.58,-39.07,0.00,1.00
27.45,-51.54,0.00,1.00
44.06,-61.46,0.00,1.00
6.56,-9.89,0.00,1.00
51.02,-64.14,0.00,1.00
53.09,-64.69,0.00,1.00
20.68,-45.44,0.00,1.00
2.00,-19.78,0.00,1.00
12.10,-39.09,0.00,1.00
61.31,-64.86,0.00,1.00
-0.80,-10.00,0.00,1.00
2.83,-26.13,0.00,1.00
-1.17,-10.51,0.00,1.00
67.49,-61.79,0.00,1.00
32.88,-55.62,0.00,1.00
12.44,-13.00,0.00,1.00
53.98,-64.91,0.00,1.00
53.53,-64.97,0.00,1.00
23.33,-48.73,0.00,1.00
-2.68,-10.84,0.00,1.00
59.64,-66.01,0.00,1.00
10.27,-11.08,0.00,1.00
8.49,-10.25,0.00,1.00
-0.22,-8.88,0.00,1.00
65.31,-50.72,0.00,1.00
34.25,-56.72,0.00,1.00
64.37,-50.10,0.00,1.00
49.85,-32.72,0.00,1.00
-0.65,-7.88,0.00,1.00
0.39,-8.73,0.00,1.00
56.30,-37.20,0.00,1.00
6.92,-32.11,0.00,1.00
54.02,-65.10,0.00,1.00
13.68,-12.77,0.00,1.00
-2.47,-16.14,0.00,1.00
67.40,-53.66,0.00,1.00
62.58,-66.48,0.00,1.00
42.72,-25.95,0.00,1.00
14.93,-41.82,0.00,1.00
65.81,-50.88,0.00,1.00
57.41,-38.32,0.00,1.00
21.26,-47.00,0.00,1.00
66.58,-63.93,0.00,1.00
-0.44,-7.35,0.00,1.00
61.56,-66.80,0.00,1.00
14.51,-41.83,0.00,1.00
-1.45,-17.38,0.00,1.00
-3.44,-11.40,0.00,1.00
65.51,-65.40,0.00,1.00
28.75,-53.11,0.00,1.00
65.72,-50.02,0.00,1.00
67.66,-53.56,0.00,1.00
1.51,-20.69,0.00,1.00
42.18,-61.56,0.00,1.00
18.56,-12.77,0.00,1.00
1.37,-20.56,0.00,1.00
41.43,-24.82,0.00,1.00
11.59,-39.73,0.00,1.00
-2.88,-9.32,0.00,1.00
33.03,-19.43,0.00,1.00
66.15,-51.12,0.00,1.00
52.50,-65.65,0.00,1.00
16.85,-43.51,0.00,1.00
24.43,-15.30,0.00,1.00
14.73,-42.12,0.00,1.00
66.00,-49.62,0.00,1.00
7.20,-7.83,0.00,1.00
10.49,-38.61,0.00,1.00
65.96,-49.31,0.00,1.00
46.76,-29.56,0.00,1.00
18.48,-45.21,0.00,1.00
66.52,-51.24,0.00,1.00
67.74,-64.99,0.00,1.00
20.88,-12.67,0.00,1.00
34.79,-57.42,0.00,1.00
3.74,-28.82,0.00,1.00
22.20,-14.23,0.00,1.00
44.47,-26.79,0.00,1.00
67.71,-65.03,0.00,1.00
56.36,-65.84,0.00,1.00
65.36,-66.02,0.00,1.00
-2.22,-18.07,0.00,1.00
69.11,-55.06,0.00,1.00
48.41,-65.18,0.00,1.00
68.18,-51.62,0.00,1.00
48.09,-64.76,0.00,1.00
68.39,-53.39,0.00,1.00
57.00,-66.20,0.00,1.00
53.83,-66.42,0.00,1.00
68.80,-64.25,0.00,1.00
39.34,-22.91,0.00,1.00
68.24,-65.47,0.00,1.00
45.87,-63.34,0.00,1.00
47.40,-64.90,0.00,1.00
-1.94,-19.91,0.00,1.00
69.99,-62.98,0.00,1.00
-3.26,-17.36,0.00,1.00
63.53,-44.63,0.00,1.00
67.40,-67.38,0.00,1.00
61.41,-67.80,0.00,1.00
3.28,-29.41,0.00,1.00
70.82,-59.42,0.00,1.00
12.22,-8.98,0.00,1.00
66.41,-66.50,0.00,1.00
9.41,-7.81,0.00,1.00
24.38,-14.05,0.00,1.00
3.96,-6.24,0.00,1.00
53.67,-33.40,0.00,1.00
40.63,-61.55,0.00,1.00
43.63,-63.32,0.00,1.00
17.13,-10.19,0.00,1.00
59.84,-39.03,0.00,1.00
10.15,-39.65,0.00,1.00
67.42,-48.26,0.00,1.00
70.41,-55.94,0.00,1.00
-4.21,-17.33,0.00,1.00
13.16,-9.52,0.00,1.00
56.31,-67.22,0.00,1.00
2.16,-28.41,0.00,1.00
7.47,-35.84,0.00,1.00
69.33,-66.56,0.00,1.00
13.28,-9.30,0.00,1.00
2.01,-28.75,0.00,1.00
-3.67,-20.17,0.00,1.00
36.19,-59.16,0.00,1.00
66.29,-68.74,0.00,1.00
71.94,-56.11,0.00,1.00
-5.12,-7.96,0.00,1.00
54.60,-66.99,0.00,1.00
1.52,-28.67,0.00,1.00
63.60,-69.54,0.00,1.00
-4.55,-18.14,0.00,1.00
68.93,-50.87,0.00,1.00
0.24,-4.89,0.00,1.00
53.58,-67.20,0.00,1.00
59.24,-68.00,0.00,1.00
-5.88,-16.21,0.00,1.00
7.98,-37.27,0.00,1.00
21.44,-48.62,0.00,1.00
72.62,-59.12,0.00,1.00
71.61,-63.42,0.00,1.00
-3.37,-5.72,0.00,1.00
45.90,-26.07,0.00,1.00
0.12,-28.09,0.00,1.00
-0.07,-4.71,0.00,1.00
70.73,-53.56,0.00,1.00
68.16,-69.34,0.00,1.00
59.32,-37.35,0.00,1.00
38.61,-60.55,0.00,1.00
67.28,-70.00,0.00,1.00
-5.77,-17.52,0.00,1.00
25.56,-13.42,0.00,1.00
61.22,-39.53,0.00,1.00
-8.21,-7.77,0.00,1.00
61.37,-69.44,0.00,1.00
72.15,-54.55,0.00,1.00
59.15,-68.94,0.00,1.00
68.00,-69.82,0.00,1.00
-9.01,-9.39,0.00,1.00
-1.38,-4.94,0.00,1.00
-8.11,-13.08,0.00,1.00
4.49,-4.95,0.00,1.00
66.26,-70.62,0.00,1.00
-8.86,-7.95,0.00,1.00
2.71,-32.54,0.00,1.00
58.96,-69.10,0.00,1.00
62.55,-70.65,0.00,1.00
53.59,-67.88,0.00,1.00
66.36,-70.28,0.00,1.00
20.88,-48.71,0.00,1.00
66.11,-70.51,0.00,1.00
-5.60,-19.01,0.00,1.00
56.60,-68.43,0.00,1.00
-5.59,-18.82,0.00,1.00
66.79,-70.01,0.00,1.00
36.14,-19.93,0.00,1.00
-8.98,-10.49,0.00,1.00
9.36,-5.64,0.00,1.00
49.78,-29.49,0.00,1.00
-8.94,-8.74,0.00,1.00
11.16,-6.55,0.00,1.00
-9.48,-8.70,0.00,1.00
63.70,-42.52,0.00,1.00
23.23,-12.03,0.00,1.00
-9.05,-8.44,0.00,1.00
69.73,-69.96,0.00,1.00
72.02,-65.97,0.00,1.00
71.63,-67.42,0.00,1.00
7.37,-4.68,0.00,1.00
-4.93,-21.55,0.00,1.00
25.14,-12.41,0.00,1.00
73.27,-65.01,0.00,1.00
14.13,-7.58,0.00,1.00
-2.48,-25.26,0.00,1.00
-6.37,-18.23,0.00,1.00
-5.52,-5.28,0.00,1.00
3.83,-3.64,0.00,1.00
-5.89,-4.75,0.00,1.00
13.48,-43.70,0.00,1.00
71.33,-51.92,0.00,1.00
46.51,-25.19,0.00,1.00
-9.59,-13.33,0.00,1.00
-10.01,-14.51,0.00,1.00
60.11,-70.67,0.00,1.00
74.16,-67.00,0.00,1.00
12.55,-6.17,0.00,1.00
-10.55,-11.15,0.00,1.00
29.64,-14.25,0.00,1.00
-8.55,-6.04,0.00,1.00
7.43,-3.85,0.00,1.00
-10.66,-11.47,0.00,1.00
71.82,-52.34,0.00,1.00
43.13,-64.51,0.00,1.00
-10.85,-8.28,0.00,1.00
12.14,-42.84,0.00,1.00
23.21,-11.33,0.00,1.00
52.61,-68.70,0.00,1.00
-9.68,-15.90,0.00,1.00
74.41,-69.05,0.00,1.00
26.65,-12.75,0.00,1.00
71.61,-50.85,0.00,1.00
-9.79,-16.01,0.00,1.00
-5.99,-20.21,0.00,1.00
40.48,-63.58,0.00,1.00
-1.11,-29.39,0.00,1.00
-0.31,-3.07,0.00,1.00
45.63,-24.28,0.00,1.00
-1.97,-2.76,0.00,1.00
74.60,-61.17,0.00,1.00
52.21,-29.67,0.00,1.00
30.04,-13.95,0.00,1.00
-8.17,-4.56,0.00,1.00
75.49,-64.24,0.00,1.00
42.06,-64.18,0.00,1.00
75.43,-63.06,0.00,1.00
64.31,-72.63,0.00,1.00
75.26,-64.73,0.00,1.00
63.56,-41.04,0.00,1.00
-3.24,-25.86,0.00,1.00
70.56,-48.51,0.00,1.00
-7.95,-17.94,0.00,1.00
7.24,-1.47,0.00,1.00
69.84,-71.78,0.00,1.00
75.79,-62.13,0.00,1.00
63.45,-40.40,0.00,1.00
-1.74,-29.67,0.00,1.00
76.63,-64.72,0.00,1.00
3.97,-35.52,0.00,1.00
-9.64,-4.78,0.00,1.00
58.10,-33.18,0.00,1.00
-5.56,-2.68,0.00,1.00
76.39,-67.12,0.00,1.00
75.05,-57.29,0.00,1.00
51.17,-29.01,0.00,1.00
14.07,-5.10,0.00,1.00
37.40,-61.85,0.00,1.00
45.71,-23.45,0.00,1.00
-11.93,-8.31,0.00,1.00
21.03,-51.56,0.00,1.00
14.24,-45.31,0.00,1.00
-3.40,-1.91,0.00,1.00
39.10,-63.27,0.00,1.00
63.74,-73.21,0.00,1.00
-7.79,-2.55,0.00,1.00
-4.92,-25.13,0.00,1.00
75.89,-68.67,0.00,1.00
2.37,-0.81,0.00,1.00
18.27,-49.12,0.00,1.00
72.14,-50.55,0.00,1.00
29.41,-13.20,0.00,1.00
62.24,-73.20,0.00,1.00
53.55,-70.28,0.00,1.00
5.22,-0.67,0.00,1.00
75.18,-55.48,0.00,1.00
-2.52,-1.73,0.00,1.00
75.48,-55.55,0.00,1.00
71.57,-72.34,0.00,1.00
44.09,-22.59,0.00,1.00
77.70,-67.05,0.00,1.00
-0.23,-0.82,0.00,1.00
31.63,-60.32,0.00,1.00
-12.67,-14.52,0.00,1.00
47.64,-24.11,0.00,1.00
54.12,-29.28,0.00,1.00
64.38,-73.64,0.00,1.00
-12.80,-8.70,0.00,1.00
-2.67,-0.81,0.00,1.00
9.29,-0.78,0.00,1.00
78.18,-69.49,0.00,1.00
73.62,-71.98,0.00,1.00
2.70,-0.02,0.00,1.00
-0.43,-0.07,0.00,1.00
13.72,-3.90,0.00,1.00
0.41,0.03,0.00,1.00
14.91,-4.25,0.00,1.00
76.41,-70.08,0.00,1.00
12.41,-2.90,0.00,1.00
-5.44,-0.96,0.00,1.00
70.41,-46.58,0.00,1.00
30.41,-12.64,0.00,1.00
63.59,-38.88,0.00,1.00
40.23,-65.50,0.00,1.00
-9.10,0.63,0.00,1.00
54.88,-29.31,0.00,1.00
4.77,0.64,0.00,1.00
-5.99,-0.05,0.00,1.00
79.29,-70.91,0.00,1.00
59.37,-73.55,0.00,1.00
2.20,1.49,0.00,1.00
-10.89,0.13,0.00,1.00
-8.55,-0.48,0.00,1.00
78.42,-72.73,0.00,1.00
6.06,0.18,0.00,1.00
20.29,-6.98,0.00,1.00
74.59,-51.34,0.00,1.00
63.22,-74.16,0.00,1.00
5.35,1.00,0.00,1.00
74.81,-73.30,0.00,1.00
0.44,-34.05,0.00,1.00
15.11,-3.64,0.00,1.00
12.96,-2.40,0.00,1.00
41.68,-20.33,0.00,1.00
79.88,-62.82,0.00,1.00
72.96,-73.60,0.00,1.00
80.33,-64.58,0.00,1.00
0.11,1.31,0.00,1.00
23.79,-55.62,0.00,1.00
77.53,-72.32,0.00,1.00
-14.80,-9.84,0.00,1.00
-11.61,1.76,0.00,1.00
1.90,-34.70,0.00,1.00
-13.65,-3.38,0.00,1.00
25.59,-56.69,0.00,1.00
46.86,-68.67,0.00,1.00
15.28,-3.37,0.00,1.00
74.94,-73.75,0.00,1.00
-10.54,-20.37,0.00,1.00
75.77,-72.79,0.00,1.00
75.38,-73.95,0.00,1.00
19.94,-53.16,0.00,1.00
66.69,-76.17,0.00,1.00
-14.55,-13.45,0.00,1.00
-13.85,-1.99,0.00,1.00
71.32,-74.76,0.00,1.00
70.45,-76.06,0.00,1.00
80.41,-59.06,0.00,1.00
17.00,-3.87,0.00,1.00
80.81,-61.66,0.00,1.00
-11.14,2.50,0.00,1.00
47.77,-69.89,0.00,1.00
-5.17,1.53,0.00,1.00
64.84,-38.47,0.00,1.00
-15.16,-5.14,0.00,1.00
-15.47,-5.18,0.00,1.00
26.34,-9.66,0.00,1.00
-6.58,2.18,0.00,1.00
75.03,-75.60,0.00,1.00
-12.96,1.86,0.00,1.00
-10.82,3.95,0.00,1.00
25.13,-57.47,0.00,1.00
-15.75,-8.25,0.00,1.00
56.49,-73.30,0.00,1.00
57.20,-73.62,0.00,1.00
19.50,-4.92,0.00,1.00
58.96,-31.68,0.00,1.00
69.87,-76.68,0.00,1.00
68.97,-76.77,0.00,1.00
82.50,-72.25,0.00,1.00
-15.96,-5.85,0.00,1.00
-16.11,-1.16,0.00,1.00
-15.31,-15.27,0.00,1.00
69.10,-76.87,0.00,1.00
43.88,-68.72,0.00,1.00
83.28,-72.62,0.00,1.00
-16.12,-4.67,0.00,1.00
44.28,-68.96,0.00,1.00
-16.93,-8.34,0.00,1.00
83.42,-70.85,0.00,1.00
-8.89,-24.40,0.00,1.00
52.51,-72.83,0.00,1.00
34.37,-13.25,0.00,1.00
-17.00,-1.96,0.00,1.00
73.26,-77.95,0.00,1.00
5.75,2.20,0.00,1.00
-6.92,-27.53,0.00,1.00
-4.58,3.22,0.00,1.00
-3.64,2.68,0.00,1.00
-17.85,-8.30,0.00,1.00
-13.84,2.82,0.00,1.00
14.84,-49.16,0.00,1.00
1.32,-35.96,0.00,1.00
76.94,-51.23,0.00,1.00
-16.11,-15.10,0.00,1.00
68.61,-77.42,0.00,1.00
7.15,2.18,0.00,1.00
-3.13,3.38,0.00,1.00
54.93,-27.40,0.00,1.00
82.53,-60.88,0.00,1.00
81.55,-75.96,0.00,1.00
73.12,-78.70,0.00,1.00
32.23,-11.32,0.00,1.00
-10.36,5.47,0.00,1.00
71.14,-78.71,0.00,1.00
54.35,-26.99,0.00,1.00
83.00,-61.22,0.00,1.00
82.92,-75.54,0.00,1.00
-5.34,-31.55,0.00,1.00
-1.53,3.51,0.00,1.00
-6.62,-29.69,0.00,1.00
56.39,-28.11,0.00,1.00
-17.59,-11.32,0.00,1.00
53.96,-26.49,0.00,1.00
40.71,-17.11,0.00,1.00
84.12,-73.64,0.00,1.00
78.78,-54.12,0.00,1.00
84.00,-65.24,0.00,1.00
12.33,0.66,0.00,1.00
40.55,-68.40,0.00,1.00
77.68,-78.38,0.00,1.00
28.98,-61.79,0.00,1.00
-18.44,-9.27,0.00,1.00
75.84,-78.44,0.00,1.00
-10.94,-24.01,0.00,1.00
85.20,-69.79,0.00,1.00
-0.54,4.00,0.00,1.00
47.73,-71.49,0.00,1.00
31.11,-10.48,0.00,1.00
74.46,-79.29,0.00,1.00
-19.02,-2.17,0.00,1.00
86.59,-71.67,0.00,1.00
84.60,-66.70,0.00,1.00
85.62,-68.62,0.00,1.00
-5.86,-31.50,0.00,1.00
42.29,-69.10,0.00,1.00
-14.71,3.35,0.00,1.00
84.83,-64.64,0.00,1.00
-5.87,5.52,0.00,1.00
8.73,-44.47,0.00,1.00
53.72,-25.30,0.00,1.00
1.38,-38.15,0.00,1.00
12.13,-47.74,0.00,1.00
72.68,-80.30,0.00,1.00
87.16,-70.58,0.00,1.00
-19.00,-0.81,0.00,1.00
47.47,-72.16,0.00,1.00
85.98,-75.40,0.00,1.00
82.96,-77.82,0.00,1.00
-5.17,6.32,0.00,1.00
83.64,-60.01,0.00,1.00
-11.36,-25.00,0.00,1.00
82.18,-78.36,0.00,1.00
45.19,-71.32,0.00,1.00
74.25,-47.51,0.00,1.00
21.36,-56.12,0.00,1.00
72.20,-80.63,0.00,1.00
-18.50,-13.27,0.00,1.00
-14.81,3.93,0.00,1.00
-13.12,5.17,0.00,1.00
24.13,-5.22,0.00,1.00
87.28,-70.84,0.00,1.00
72.62,-44.34,0.00,1.00
64.47,-34.29,0.00,1.00
-17.92,2.17,0.00,1.00
4.20,4.12,0.00,1.00
-19.21,-12.01,0.00,1.00
71.81,-81.03,0.00,1.00
81.35,-80.46,0.00,1.00
-5.36,6.68,0.00,1.00
76.86,-81.23,0.00,1.00
3.00,-39.99,0.00,1.00
87.58,-73.67,0.00,1.00
86.44,-76.72,0.00,1.00
-8.59,-28.59,0.00,1.00
-14.16,5.15,0.00,1.00
-3.52,6.01,0.00,1.00
87.53,-67.06,0.00,1.00
-20.91,-6.59,0.00,1.00
-20.38,-2.46,0.00,1.00
-3.72,6.24,0.00,1.00
78.24,-50.88,0.00,1.00
83.18,-79.98,0.00,1.00
47.61,-73.57,0.00,1.00
-10.30,7.18,0.00,1.00
-11.64,-25.94,0.00,1.00
-3.40,6.16,0.00,1.00
-16.56,-18.23,0.00,1.00
80.03,-81.68,0.00,1.00
14.78,0.48,0.00,1.00
84.79,-78.62,0.00,1.00
-14.68,6.26,0.00,1.00
84.42,-79.03,0.00,1.00
62.72,-79.79,0.00,1.00
74.75,-81.45,0.00,1.00
19.71,-1.76,0.00,1.00
27.50,-6.60,0.00,1.00
-19.59,5.28,0.00,1.00
88.33,-69.08,0.00,1.00
44.73,-72.34,0.00,1.00
44.67,-18.31,0.00,1.00
-18.51,4.23,0.00,1.00
65.18,-80.60,0.00,1.00
-19.51,3.99,0.00,1.00
85.59,-81.28,0.00,1.00
-20.62,5.51,0.00,1.00
-15.56,6.12,0.00,1.00
8.96,-46.77,0.00,1.00
87.92,-66.16,0.00,1.00
-20.89,6.32,0.00,1.00
-21.34,2.76,0.00,1.00
86.37,-81.26,0.00,1.00
39.32,-13.65,0.00,1.00
69.12,-82.72,0.00,1.00
-16.95,-19.17,0.00,1.00
87.98,-78.68,0.00,1.00
1.30,7.03,0.00,1.00
31.04,-7.80,0.00,1.00
88.31,-77.78,0.00,1.00
77.04,-48.72,0.00,1.00
88.84,-73.96,0.00,1.00
38.55,-69.15,0.00,1.00
-20.02,-12.77,0.00,1.00
33.16,-9.89,0.00,1.00
-15.54,8.38,0.00,1.00
80.73,-83.66,0.00,1.00
88.33,-63.47,0.00,1.00
-10.54,-28.01,0.00,1.00
-11.82,8.65,0.00,1.00
-3.19,7.50,0.00,1.00
-14.97,-21.77,0.00,1.00
-21.84,0.18,0.00,1.00
-12.42,8.52,0.00,1.00
57.78,-27.34,0.00,1.00
11.46,-49.27,0.00,1.00
-21.87,-6.89,0.00,1.00
1.52,7.87,0.00,1.00
-22.65,-3.36,0.00,1.00
-0.24,8.19,0.00,1.00
78.21,-83.12,0.00,1.00
78.90,-83.59,0.00,1.00
14.20,2.15,0.00,1.00
13.48,-50.88,0.00,1.00
-22.32,2.42,0.00,1.00
-10.53,9.25,0.00,1.00
85.83,-59.04,0.00,1.00
90.10,-76.77,0.00,1.00
90.16,-76.48,0.00,1.00
44.27,-17.21,0.00,1.00
-22.86,1.36,0.00,1.00
58.81,-80.35,0.00,1.00
46.26,-73.96,0.00,1.00
63.44,-81.62,0.00,1.00
10.07,3.82,0.00,1.00
-14.19,9.77,0.00,1.00
-20.78,9.44,0.00,1.00
46.64,-18.36,0.00,1.00
-21.02,-13.26,0.00,1.00
-7.04,-32.98,0.00,1.00
55.35,-24.76,0.00,1.00
88.49,-80.72,0.00,1.00
120.38,52.79,0.00,1.00
49.19,-19.48,0.00,1.00
22.62,-59.98,0.00,1.00
42.31,-72.70,0.00,1.00
-25.12,2.35,0.00,1.00
122.19,52.16,0.00,1.00
-22.79,6.93,0.00,1.00
87.53,-60.13,0.00,1.00
122.55,51.46,0.00,1.00
19.53,-57.36,0.00,1.00
-25.42,2.05,0.00,1.00
91.51,-72.09,0.00,1.00
117.46,53.76,0.00,1.00
85.10,-85.12,0.00,1.00
123.75,57.42,0.00,1.00
118.66,48.85,0.00,1.00
4.54,7.75,0.00,1.00
-20.43,-16.08,0.00,1.00
120.20,53.98,0.00,1.00
-13.91,-25.29,0.00,1.00
118.70,51.52,0.00,1.00
122.49,49.82,0.00,1.00
-17.83,10.95,0.00,1.00
17.24,1.62,0.00,1.00
71.76,-84.75,0.00,1.00
124.27,49.25,0.00,1.00
121.64,61.99,0.00,1.00
66.97,-84.59,0.00,1.00
116.09,58.39,0.00,1.00
52.72,-22.03,0.00,1.00
23.35,-1.85,0.00,1.00
115.26,58.11,0.00,1.00
120.48,58.38,0.00,1.00
116.09,51.65,0.00,1.00
124.44,59.07,0.00,1.00
124.33,49.46,0.00,1.00
115.59,58.76,0.00,1.00
119.78,50.17,0.00,1.00
118.90,48.22,0.00,1.00
126.07,52.06,0.00,1.00
121.81,48.89,0.00,1.00
69.50,-37.89,0.00,1.00
122.58,61.39,0.00,1.00
124.60,49.63,0.00,1.00
-25.22,0.58,0.00,1.00
6.60,6.93,0.00,1.00
116.12,50.72,0.00,1.00
124.74,48.69,0.00,1.00
124.54,51.74,0.00,1.00
-17.30,12.33,0.00,1.00
120.30,59.64,0.00,1.00
115.94,56.48,0.00,1.00
81.32,-86.02,0.00,1.00
121.56,62.22,0.00,1.00
14.37,3.25,0.00,1.00
114.58,54.15,0.00,1.00
113.49,52.22,0.00,1.00
27.47,-64.58,0.00,1.00
116.42,57.37,0.00,1.00
126.55,55.92,0.00,1.00
114.51,55.09,0.00,1.00
123.82,55.37,0.00,1.00
126.63,53.93,0.00,1.00
77.92,-47.25,0.00,1.00
92.48,-75.55,0.00,1.00
117.43,62.46,0.00,1.00
22.74,-60.62,0.00,1.00
112.81,50.86,0.00,1.00
-12.54,11.69,0.00,1.00
-25.62,7.89,0.00,1.00
114.47,56.73,0.00,1.00
44.56,-74.66,0.00,1.00
-25.88,-8.07,0.00,1.00
54.65,-81.21,0.00,1.00
-25.48,8.06,0.00,1.00
-24.96,-8.86,0.00,1.00
120.22,46.69,0.00,1.00
112.93,61.47,0.00,1.00
116.13,46.64,0.00,1.00
112.24,52.70,0.00,1.00
16.99,-55.96,0.00,1.00
125.91,48.35,0.00,1.00
122.31,47.02,0.00,1.00
85.99,-56.63,0.00,1.00
122.74,44.89,0.00,1.00
93.03,-76.15,0.00,1.00
112.10,54.86,0.00,1.00
92.55,-79.50,0.00,1.00
4.62,-45.61,0.00,1.00
110.42,61.24,0.00,1.00
75.66,-85.57,0.00,1.00
81.87,-50.88,0.00,1.00
63.04,-83.75,0.00,1.00
94.27,-71.86,0.00,1.00
116.87,63.14,0.00,1.00
129.32,47.88,0.00,1.00
112.27,55.30,0.00,1.00
128.08,54.63,0.00,1.00
126.36,59.27,0.00,1.00
-24.18,-9.86,0.00,1.00
128.43,55.73,0.00,1.00
111.39,54.09,0.00,1.00
17.64,2.37,0.00,1.00
65.23,-84.86,0.00,1.00
-13.88,13.37,0.00,1.00
-4.44,11.45,0.00,1.00
-4.70,-37.46,0.00,1.00
5.11,9.28,0.00,1.00
7.62,-48.22,0.00,1.00
-10.98,12.72,0.00,1.00
121.51,63.64,0.00,1.00
116.93,63.26,0.00,1.00
110.98,55.04,0.00,1.00
126.90,60.67,0.00,1.00
36.38,-70.32,0.00,1.00
128.34,57.13,0.00,1.00
33.03,-7.41,0.00,1.00
109.13,61.08,0.00,1.00
-20.11,-19.73,0.00,1.00
-6.98,-35.57,0.00,1.00
112.46,48.06,0.00,1.00
93.67,-70.88,0.00,1.00
72.76,-85.96,0.00,1.00
129.29,51.59,0.00,1.00
124.90,45.07,0.00,1.00
-24.15,11.03,0.00,1.00
-17.89,-22.67,0.00,1.00
45.14,-75.92,0.00,1.00
5.28,9.31,0.00,1.00
121.96,43.42,0.00,1.00
29.85,-67.04,0.00,1.00
-17.27,-23.61,0.00,1.00
125.83,45.67,0.00,1.00
8.49,7.75,0.00,1.00
114.67,44.77,0.00,1.00
109.48,54.60,0.00,1.00
7.51,-49.05,0.00,1.00
124.87,63.21,0.00,1.00
124.17,64.43,0.00,1.00
-21.42,13.07,0.00,1.00
94.48,-77.58,0.00,1.00
95.16,-72.49,0.00,1.00
112.21,64.71,0.00,1.00
126.07,63.02,0.00,1.00
92.39,-63.04,0.00,1.00
132.75,49.15,0.00,1.00
87.58,-87.99,0.00,1.00
90.66,-59.92,0.00,1.00
107.96,56.41,0.00,1.00
-20.70,13.31,0.00,1.00
127.23,44.81,0.00,1.00
2.03,-43.72,0.00,1.00
14.49,5.75,0.00,1.00
-20.09,13.90,0.00,1.00
111.69,65.15,0.00,1.00
110.49,46.33,0.00,1.00
33.35,-6.74,0.00,1.00
115.10,65.57,0.00,1.00
-27.23,-9.49,0.00,1.00
132.73,47.77,0.00,1.00
130.99,57.63,0.00,1.00
93.07,-84.35,0.00,1.00
109.46,48.95,0.00,1.00
121.57,66.29,0.00,1.00
95.63,-76.56,0.00,1.00
-23.12,-14.88,0.00,1.00
105.97,62.81,0.00,1.00
88.89,-56.71,0.00,1.00
-22.88,13.02,0.00,1.00
80.11,-47.11,0.00,1.00
-20.47,14.34,0.00,1.00
130.16,62.19,0.00,1.00
126.86,42.77,0.00,1.00
132.67,51.38,0.00,1.00
42.70,-12.52,0.00,1.00
62.53,-27.26,0.00,1.00
117.07,67.02,0.00,1.00
-22.67,-17.40,0.00,1.00
75.89,-87.49,0.00,1.00
111.92,65.70,0.00,1.00
131.90,46.22,0.00,1.00
113.94,65.86,0.00,1.00
119.12,41.27,0.00,1.00
105.60,50.87,0.00,1.00
131.29,44.69,0.00,1.00
-24.27,13.15,0.00,1.00
129.87,43.60,0.00,1.00
105.49,48.49,0.00,1.00
-29.83,-4.48,0.00,1.00
57.64,-23.52,0.00,1.00
53.33,-19.70,0.00,1.00
-22.94,-17.61,0.00,1.00
60.89,-85.52,0.00,1.00
84.83,-89.26,0.00,1.00
108.86,65.80,0.00,1.00
91.71,-88.80,0.00,1.00
65.00,-86.13,0.00,1.00
-2.45,-42.14,0.00,1.00
-31.02,2.68,0.00,1.00
134.27,55.49,0.00,1.00
94.43,-83.15,0.00,1.00
-30.65,-3.03,0.00,1.00
128.59,42.42,0.00,1.00
-23.96,-15.70,0.00,1.00
132.57,59.27,0.00,1.00
105.54,64.31,0.00,1.00
127.68,67.27,0.00,1.00
133.06,56.24,0.00,1.00
133.24,58.43,0.00,1.00
76.65,-89.13,0.00,1.00
95.08,-66.75,0.00,1.00
132.93,57.95,0.00,1.00
118.84,68.36,0.00,1.00
93.63,-86.97,0.00,1.00
71.48,-35.60,0.00,1.00
136.28,53.23,0.00,1.00
105.81,46.94,0.00,1.00
77.02,-89.57,0.00,1.00
104.01,56.17,0.00,1.00
104.46,63.81,0.00,1.00
108.22,44.75,0.00,1.00
104.36,53.26,0.00,1.00
117.00,40.10,0.00,1.00
131.11,63.15,0.00,1.00
84.00,-90.71,0.00,1.00
97.27,-80.43,0.00,1.00
129.94,65.22,0.00,1.00
96.20,-85.04,0.00,1.00
115.31,40.13,0.00,1.00
59.87,-24.40,0.00,1.00
-10.54,14.97,0.00,1.00
63.45,-86.19,0.00,1.00
1.19,12.93,0.00,1.00
135.67,59.24,0.00,1.00
132.62,62.19,0.00,1.00
102.79,49.84,0.00,1.00
133.34,61.40,0.00,1.00
134.44,60.87,0.00,1.00
105.68,44.19,0.00,1.00
111.57,42.85,0.00,1.00
108.19,43.60,0.00,1.00
104.22,53.34,0.00,1.00
106.34,45.27,0.00,1.00
26.83,-67.25,0.00,1.00
125.10,40.23,0.00,1.00
104.24,64.73,0.00,1.00
124.04,69.57,0.00,1.00
124.81,69.40,0.00,1.00
95.45,-66.43,0.00,1.00
-31.00,-3.91,0.00,1.00
102.53,54.88,0.00,1.00
47.40,-80.07,0.00,1.00
103.79,64.68,0.00,1.00
137.64,49.69,0.00,1.00
112.78,69.27,0.00,1.00
77.54,-90.07,0.00,1.00
95.75,-67.60,0.00,1.00
129.18,41.06,0.00,1.00
102.56,47.49,0.00,1.00
103.42,45.97,0.00,1.00
72.99,-89.19,0.00,1.00
76.27,-40.97,0.00,1.00
131.37,41.83,0.00,1.00
3.23,12.46,0.00,1.00
100.07,57.72,0.00,1.00
97.81,-70.96,0.00,1.00
106.12,43.63,0.00,1.00
137.50,58.59,0.00,1.00
113.26,40.35,0.00,1.00
130.09,68.27,0.00,1.00
28.51,-1.58,0.00,1.00
139.61,54.84,0.00,1.00
97.76,-85.14,0.00,1.00
97.75,-81.97,0.00,1.00
-33.19,-2.08,0.00,1.00
78.58,-90.90,0.00,1.00
-28.06,13.06,0.00,1.00
105.87,43.40,0.00,1.00
98.78,-72.50,0.00,1.00
84.41,-92.68,0.00,1.00
107.88,42.73,0.00,1.00
-33.14,-0.44,0.00,1.00
-18.52,-26.18,0.00,1.00
126.30,39.52,0.00,1.00
121.38,70.28,0.00,1.00
99.81,-76.87,0.00,1.00
70.39,-88.81,0.00,1.00
-32.15,8.31,0.00,1.00
-32.85,3.37,0.00,1.00
127.33,39.80,0.00,1.00
92.96,-90.56,0.00,1.00
-24.68,15.93,0.00,1.00
98.64,56.19,0.00,1.00
-22.77,-19.66,0.00,1.00
93.16,-89.97,0.00,1.00
93.11,-90.42,0.00,1.00
135.27,43.62,0.00,1.00
136.71,61.85,0.00,1.00
96.65,-66.92,0.00,1.00
138.92,48.68,0.00,1.00
106.35,42.92,0.00,1.00
3.56,13.47,0.00,1.00
100.38,48.90,0.00,1.00
132.91,66.81,0.00,1.00
-32.75,8.26,0.00,1.00
93.84,-89.88,0.00,1.00
98.69,-82.65,0.00,1.00
98.74,55.23,0.00,1.00
98.14,-87.87,0.00,1.00
60.96,-86.89,0.00,1.00
81.32,-92.64,0.00,1.00
-9.32,-37.21,0.00,1.00
135.77,63.21,0.00,1.00
102.84,65.25,0.00,1.00
107.38,68.10,0.00,1.00
-22.28,-21.86,0.00,1.00
129.13,40.06,0.00,1.00
98.95,60.03,0.00,1.00
99.76,-72.09,0.00,1.00
-10.36,-36.38,0.00,1.00
77.93,-41.83,0.00,1.00
93.45,-90.68,0.00,1.00
98.95,51.38,0.00,1.00
106.16,67.53,0.00,1.00
98.32,53.76,0.00,1.00
139.99,59.18,0.00,1.00
7.88,11.41,0.00,1.00
134.50,66.13,0.00,1.00
65.36,-88.22,0.00,1.00
-122.09,77.01,0.00,1.00
-33.46,10.42,0.00,1.00
138.29,61.89,0.00,1.00
141.47,55.62,0.00,1.00
0.70,15.33,0.00,1.00
-34.14,10.59,0.00,1.00
-34.94,-2.43,0.00,1.00
-12.20,18.65,0.00,1.00
125.23,37.36,0.00,1.00
66.73,-28.01,0.00,1.00
128.52,71.57,0.00,1.00
91.08,-92.54,0.00,1.00
117.11,36.46,0.00,1.00
3.14,-49.42,0.00,1.00
-123.05,76.60,0.00,1.00
-34.40,-4.48,0.00,1.00
-17.38,19.03,0.00,1.00
-35.61,-3.26,0.00,1.00
-34.26,8.16,0.00,1.00
-35.83,10.35,0.00,1.00
-121.77,75.86,0.00,1.00
137.81,44.57,0.00,1.00
91.28,-93.01,0.00,1.00
-34.77,1.18,0.00,1.00
109.50,39.86,0.00,1.00
-131.23,75.25,0.00,1.00
-11.16,19.18,0.00,1.00
-126.54,73.56,0.00,1.00
-128.50,77.13,0.00,1.00
-118.75,77.43,0.00,1.00
-31.67,13.55,0.00,1.00
101.53,-71.13,0.00,1.00
98.18,63.97,0.00,1.00
-22.76,18.33,0.00,1.00
101.95,-73.66,0.00,1.00
100.76,44.46,0.00,1.00
-118.02,79.17,0.00,1.00
-25.21,18.04,0.00,1.00
-34.75,-5.33,0.00,1.00
-119.70,85.98,0.00,1.00
-131.42,78.62,0.00,1.00
-130.50,73.23,0.00,1.00
109.07,70.26,0.00,1.00
-133.87,76.91,0.00,1.00
-117.24,80.51,0.00,1.00
-116.01,77.94,0.00,1.00
-115.75,81.96,0.00,1.00
-119.76,86.20,0.00,1.00
101.74,65.83,0.00,1.00
-131.12,73.88,0.00,1.00
16.87,-60.47,0.00,1.00
100.81,-83.42,0.00,1.00
-129.10,80.38,0.00,1.00
-30.74,15.63,0.00,1.00
143.35,54.68,0.00,1.00
-24.78,18.74,0.00,1.00
-119.25,73.51,0.00,1.00
-130.91,72.91,0.00,1.00
-35.42,2.45,0.00,1.00
-118.56,74.39,0.00,1.00
-132.74,79.73,0.00,1.00
133.07,68.86,0.00,1.00
-119.34,81.65,0.00,1.00
-130.79,78.75,0.00,1.00
-116.60,78.60,0.00,1.00
-7.85,19.52,0.00,1.00
100.90,-88.75,0.00,1.00
-131.85,68.63,0.00,1.00
-33.41,15.39,0.00,1.00
141.52,61.03,0.00,1.00
-31.88,15.29,0.00,1.00
-32.77,14.73,0.00,1.00
97.69,-64.16,0.00,1.00
-26.75,18.39,0.00,1.00
-115.23,79.12,0.00,1.00
-37.96,6.02,0.00,1.00
93.60,-56.71,0.00,1.00
42.58,-79.17,0.00,1.00
-126.39,82.44,0.00,1.00
-128.98,81.16,0.00,1.00
-119.64,82.28,0.00,1.00
-126.90,72.31,0.00,1.00
71.99,-91.75,0.00,1.00
-32.81,16.56,0.00,1.00
96.45,-92.14,0.00,1.00
-112.57,82.56,0.00,1.00
-130.92,67.76,0.00,1.00
-117.37,86.16,0.00,1.00
-128.71,65.47,0.00,1.00
-123.77,71.12,0.00,1.00
-123.25,86.44,0.00,1.00
-120.23,83.36,0.00,1.00
131.71,38.54,0.00,1.00
-33.88,-7.33,0.00,1.00
-36.79,1.78,0.00,1.00
-113.34,80.42,0.00,1.00
100.97,66.27,0.00,1.00
97.22,47.29,0.00,1.00
-134.99,73.41,0.00,1.00
135.55,39.95,0.00,1.00
-112.89,81.72,0.00,1.00
99.75,-66.95,0.00,1.00
97.95,64.73,0.00,1.00
-127.22,64.92,0.00,1.00
-129.15,65.15,0.00,1.00
-136.08,71.87,0.00,1.00
-127.09,85.33,0.00,1.00
-131.51,81.14,0.00,1.00
100.00,42.83,0.00,1.00
76.65,-93.83,0.00,1.00
101.23,41.73,0.00,1.00
-136.43,72.05,0.00,1.00
-113.82,74.13,0.00,1.00
-127.49,84.44,0.00,1.00
116.81,74.87,0.00,1.00
-109.94,81.79,0.00,1.00
-124.86,68.47,0.00,1.00
-111.83,84.48,0.00,1.00
-111.90,76.78,0.00,1.00
74.32,-92.91,0.00,1.00
90.65,-94.84,0.00,1.00
-110.29,82.12,0.00,1.00
-128.32,83.63,0.00,1.00
120.75,34.17,0.00,1.00
-124.90,86.50,0.00,1.00
-126.41,66.39,0.00,1.00
-118.78,69.76,0.00,1.00
-136.74,71.64,0.00,1.00
83.23,-44.90,0.00,1.00
133.81,70.38,0.00,1.00
-123.28,68.67,0.00,1.00
-131.95,62.17,0.00,1.00
-125.50,63.98,0.00,1.00
-119.69,67.66,0.00,1.00
-108.99,88.67,0.00,1.00
127.92,36.12,0.00,1.00
-115.38,88.81,0.00,1.00
103.87,-80.20,0.00,1.00
108.33,35.23,0.00,1.00
-117.44,68.44,0.00,1.00
104.25,-85.37,0.00,1.00
-117.56,89.84,0.00,1.00
130.99,36.80,0.00,1.00
99.98,-92.56,0.00,1.00
-110.63,89.17,0.00,1.00
-111.70,73.11,0.00,1.00
-124.94,88.20,0.00,1.00
134.63,38.72,0.00,1.00
-131.26,61.10,0.00,1.00
96.69,64.63,0.00,1.00
107.04,70.89,0.00,1.00
103.71,-88.26,0.00,1.00
-122.23,89.20,0.00,1.00
-107.94,84.43,0.00,1.00
103.67,-83.30,0.00,1.00
-33.94,-9.87,0.00,1.00
-9.76,20.65,0.00,1.00
-36.29,17.12,0.00,1.00
-131.72,61.74,0.00,1.00
103.70,69.41,0.00,1.00
-139.96,76.25,0.00,1.00
103.92,-84.11,0.00,1.00
-135.14,84.86,0.00,1.00
-64.78,-154.76,0.00,1.00
-123.49,62.07,0.00,1.00
-137.04,69.92,0.00,1.00
-62.34,-153.09,0.00,1.00
-135.55,64.86,0.00,1.00
-12.53,21.19,0.00,1.00
104.50,-79.71,0.00,1.00
-134.10,61.08,0.00,1.00
27.09,2.79,0.00,1.00
-120.71,90.52,0.00,1.00
-129.57,58.70,0.00,1.00
-122.08,63.36,0.00,1.00
-115.36,93.31,0.00,1.00
102.09,-68.37,0.00,1.00
127.96,35.17,0.00,1.00
-122.78,65.84,0.00,1.00
104.36,-72.17,0.00,1.00
102.11,-92.28,0.00,1.00
137.26,68.74,0.00,1.00
-139.09,74.23,0.00,1.00
-131.72,57.08,0.00,1.00
-52.33,-158.17,0.00,1.00
-140.90,78.52,0.00,1.00
13.98,-60.30,0.00,1.00
-121.45,90.65,0.00,1.00
-111.56,93.92,0.00,1.00
97.31,43.16,0.00,1.00
-117.23,94.75,0.00,1.00
-126.58,88.61,0.00,1.00
133.34,36.48,0.00,1.00
-10.75,21.08,0.00,1.00
101.42,-66.19,0.00,1.00
-130.13,88.58,0.00,1.00
-31.73,19.28,0.00,1.00
-62.18,-156.34,0.00,1.00
140.01,42.43,0.00,1.00
77.91,-37.48,0.00,1.00
-141.16,77.53,0.00,1.00
99.47,41.20,0.00,1.00
43.99,-81.63,0.00,1.00
-109.98,92.04,0.00,1.00
-3.73,-46.64,0.00,1.00
-131.14,57.98,0.00,1.00
145.99,59.15,0.00,1.00
-123.19,91.23,0.00,1.00
-138.64,69.60,0.00,1.00
-131.23,57.27,0.00,1.00
108.36,72.92,0.00,1.00
97.11,42.70,0.00,1.00
138.74,39.44,0.00,1.00
95.12,46.53,0.00,1.00
-125.20,58.22,0.00,1.00
105.84,-78.78,0.00,1.00
-119.14,95.16,0.00,1.00
-66.27,-152.38,0.00,1.00
-60.98,-158.94,0.00,1.00
-40.72,7.52,0.00,1.00
73.04,-93.42,0.00,1.00
91.76,-51.36,0.00,1.00
-130.33,89.08,0.00,1.00
-6.41,-43.84,0.00,1.00
-125.49,56.78,0.00,1.00
94.05,48.72,0.00,1.00
-52.81,-160.87,0.00,1.00
-129.61,57.77,0.00,1.00
-15.90,23.33,0.00,1.00
81.16,-40.78,0.00,1.00
93.72,49.79,0.00,1.00
-138.95,69.07,0.00,1.00
-57.37,-164.21,0.00,1.00
-129.55,55.60,0.00,1.00
-54.36,-156.23,0.00,1.00
105.43,-85.71,0.00,1.00
-13.37,22.08,0.00,1.00
-109.10,98.52,0.00,1.00
-140.35,72.48,0.00,1.00
-66.51,-157.80,0.00,1.00
140.34,67.48,0.00,1.00
-61.85,-163.36,0.00,1.00
-58.88,-156.30,0.00,1.00
-108.64,75.76,0.00,1.00
94.74,45.11,0.00,1.00
-68.45,-153.21,0.00,1.00
-105.33,86.67,0.00,1.00
54.64,-87.97,0.00,1.00
101.57,70.18,0.00,1.00
146.94,60.38,0.00,1.00
79.79,-97.45,0.00,1.00
106.30,-87.93,0.00,1.00
-111.15,68.04,0.00,1.00
135.25,37.21,0.00,1.00
-59.06,-151.21,0.00,1.00
-55.80,-165.16,0.00,1.00
-137.74,59.41,0.00,1.00
106.41,-72.12,0.00,1.00
-60.78,-160.51,0.00,1.00
-68.52,-148.34,0.00,1.00
-38.54,-4.55,0.00,1.00
-7.80,-43.07,0.00,1.00
-79.27,-124.54,0.00,1.00
-124.02,56.52,0.00,1.00
-142.70,73.42,0.00,1.00
-143.00,56.04,0.00,1.00
143.34,64.44,0.00,1.00
-127.81,55.35,0.00,1.00
-113.87,97.93,0.00,1.00
-104.48,87.57,0.00,1.00
138.48,69.87,0.00,1.00
-57.43,-151.05,0.00,1.00
-3.60,20.58,0.00,1.00
-65.62,-163.01,0.00,1.00
148.69,57.08,0.00,1.00
-59.26,-165.67,0.00,1.00
113.98,31.44,0.00,1.00
106.77,-89.17,0.00,1.00
-60.97,-164.52,0.00,1.00
-76.29,-139.78,0.00,1.00
-69.15,-146.19,0.00,1.00
-76.81,-148.24,0.00,1.00
-112.62,99.28,0.00,1.00
-115.85,64.88,0.00,1.00
105.37,34.69,0.00,1.00
-109.40,67.71,0.00,1.00
-75.38,-147.03,0.00,1.00
-81.19,-126.83,0.00,1.00
-139.36,62.18,0.00,1.00
-138.13,54.13,0.00,1.00
-105.12,98.19,0.00,1.00
-142.65,73.09,0.00,1.00
-69.99,-146.28,0.00,1.00
-73.08,-154.41,0.00,1.00
106.45,-74.93,0.00,1.00
-69.27,-144.69,0.00,1.00
-80.29,-124.35,0.00,1.00
102.33,71.96,0.00,1.00
-52.36,-165.51,0.00,1.00
-84.33,-123.33,0.00,1.00
-137.69,54.60,0.00,1.00
108.34,-81.12,0.00,1.00
104.99,-92.75,0.00,1.00
72.48,-94.65,0.00,1.00
-71.90,-150.35,0.00,1.00
-77.33,-136.92,0.00,1.00
-127.40,51.54,0.00,1.00
93.18,-98.26,0.00,1.00
-88.27,-121.42,0.00,1.00
146.00,61.84,0.00,1.00
-38.59,17.53,0.00,1.00
-138.44,55.01,0.00,1.00
-75.81,-130.26,0.00,1.00
103.16,72.53,0.00,1.00
-74.44,-130.94,0.00,1.00
-49.11,-163.33,0.00,1.00
97.26,68.39,0.00,1.00
-70.44,-145.62,0.00,1.00
-52.68,-169.09,0.00,1.00
-22.49,24.07,0.00,1.00
-57.79,-167.49,0.00,1.00
-103.12,85.91,0.00,1.00
-63.46,-164.92,0.00,1.00
-69.71,-158.55,0.00,1.00
36.31,-3.18,0.00,1.00
105.55,-92.25,0.00,1.00
-78.52,-135.56,0.00,1.00
-103.54,94.52,0.00,1.00
103.44,73.03,0.00,1.00
-145.68,51.23,0.00,1.00
-130.79,90.89,0.00,1.00
-75.75,-140.12,0.00,1.00
-139.63,59.15,0.00,1.00
-53.15,-169.08,0.00,1.00
-81.70,-129.52,0.00,1.00
-76.47,-144.82,0.00,1.00
142.58,66.97,0.00,1.00
-71.53,-151.59,0.00,1.00
-76.63,-128.44,0.00,1.00
-145.99,51.82,0.00,1.00
-73.13,-127.10,0.00,1.00
-129.15,93.37,0.00,1.00
-1.33,192.14,0.00,1.00
-62.40,-148.95,0.00,1.00
-85.39,-123.14,0.00,1.00
97.64,-57.51,0.00,1.00
-47.55,-163.26,0.00,1.00
-28.10,23.56,0.00,1.00
98.51,-58.77,0.00,1.00
-83.25,-141.24,0.00,1.00
-81.91,-128.74,0.00,1.00
105.57,74.20,0.00,1.00
108.19,-85.60,0.00,1.00
-59.06,-168.20,0.00,1.00
134.48,74.17,0.00,1.00
-48.11,-157.78,0.00,1.00
-81.04,-121.53,0.00,1.00
-67.85,-143.48,0.00,1.00
-117.89,100.21,0.00,1.00
-77.07,-150.05,0.00,1.00
-8.36,22.59,0.00,1.00
-115.81,101.13,0.00,1.00
-143.70,52.44,0.00,1.00
107.65,-73.67,0.00,1.00
1.03,190.03,0.00,1.00
-72.43,-134.65,0.00,1.00
-45.48,-165.55,0.00,1.00
-1.03,192.57,0.00,1.00
-144.40,54.73,0.00,1.00
88.46,-99.19,0.00,1.00
-72.98,-137.72,0.00,1.00
-71.37,-142.28,0.00,1.00
-66.37,-144.18,0.00,1.00
-24.17,23.86,0.00,1.00
-83.82,-142.76,0.00,1.00
-86.37,-121.03,0.00,1.00
-99.09,-112.76,0.00,1.00
-118.64,56.94,0.00,1.00
-124.10,95.14,0.00,1.00
-86.46,-130.81,0.00,1.00
-88.01,-118.96,0.00,1.00
146.70,61.94,0.00,1.00
2.53,192.74,0.00,1.00
-83.01,-121.19,0.00,1.00
142.58,39.18,0.00,1.00
-70.83,-141.52,0.00,1.00
-75.76,-156.94,0.00,1.00
-69.95,-135.21,0.00,1.00
-27.23,-23.52,0.00,1.00
-70.65,-138.23,0.00,1.00
2.28,194.50,0.00,1.00
139.29,36.78,0.00,1.00
92.33,45.67,0.00,1.00
-82.74,-135.02,0.00,1.00
133.30,33.68,0.00,1.00
-116.15,60.16,0.00,1.00
-79.70,-134.36,0.00,1.00
-71.14,-135.32,0.00,1.00
7.57,192.75,0.00,1.00
-59.03,-148.31,0.00,1.00
129.04,31.72,0.00,1.00
-44.54,-165.82,0.00,1.00
-0.55,185.74,0.00,1.00
-66.38,-144.79,0.00,1.00
-91.31,-120.58,0.00,1.00
-86.28,-140.25,0.00,1.00
-141.18,83.67,0.00,1.00
-84.18,-136.35,0.00,1.00
-47.12,-169.77,0.00,1.00
148.70,60.16,0.00,1.00
117.94,78.47,0.00,1.00
-87.04,-142.43,0.00,1.00
-53.98,-172.28,0.00,1.00
-111.74,103.59,0.00,1.00
-57.14,-171.83,0.00,1.00
-44.64,-170.29,0.00,1.00
-70.20,-134.08,0.00,1.00
-66.09,-143.00,0.00,1.00
3.13,194.90,0.00,1.00
-88.71,-130.70,0.00,1.00
-45.27,-163.50,0.00,1.00
-46.19,-158.73,0.00,1.00
-133.04,91.60,0.00,1.00
-70.52,-137.38,0.00,1.00
-47.75,-171.75,0.00,1.00
8.51,190.07,0.00,1.00
-146.39,58.57,0.00,1.00
-70.96,-138.79,0.00,1.00
-101.21,92.72,0.00,1.00
-1.29,188.08,0.00,1.00
-2.09,189.73,0.00,1.00
-125.81,95.61,0.00,1.00
-57.42,-171.65,0.00,1.00
-45.44,-154.92,0.00,1.00
-51.49,-174.12,0.00,1.00
-3.84,191.87,0.00,1.00
-115.91,102.60,0.00,1.00
43.87,-7.15,0.00,1.00
108.20,-91.09,0.00,1.00
-80.17,-118.55,0.00,1.00
-1.77,188.54,0.00,1.00
-99.86,96.56,0.00,1.00
-57.93,-173.95,0.00,1.00
-93.80,-114.16,0.00,1.00
-3.61,190.44,0.00,1.00
-91.88,-138.06,0.00,1.00
-149.03,56.64,0.00,1.00
115.12,29.44,0.00,1.00
5.18,195.59,0.00,1.00
-55.08,-146.16,0.00,1.00
-60.87,-173.43,0.00,1.00
-55.43,-173.69,0.00,1.00
142.46,70.24,0.00,1.00
-129.45,94.20,0.00,1.00
5.51,195.50,0.00,1.00
10.03,189.72,0.00,1.00
-39.70,19.31,0.00,1.00
-52.15,-173.40,0.00,1.00
-124.11,96.78,0.00,1.00
-45.50,-156.51,0.00,1.00
-68.26,-140.63,0.00,1.00
-68.17,-142.20,0.00,1.00
-95.18,-107.11,0.00,1.00
-46.36,-173.10,0.00,1.00
-92.31,-129.83,0.00,1.00
-43.37,-164.63,0.00,1.00
128.89,30.23,0.00,1.00
-95.00,-116.59,0.00,1.00
-137.00,49.72,0.00,1.00
-53.69,-174.26,0.00,1.00
-49.65,-147.00,0.00,1.00
-90.62,-116.09,0.00,1.00
-90.40,-111.23,0.00,1.00
-34.81,23.10,0.00,1.00
-96.11,-122.94,0.00,1.00
-26.19,-25.46,0.00,1.00
-68.28,-164.33,0.00,1.00
-92.32,-130.02,0.00,1.00
1.94,184.49,0.00,1.00
-145.26,70.13,0.00,1.00
-107.42,68.34,0.00,1.00
-62.63,-171.83,0.00,1.00
2.94,184.80,0.00,1.00
-92.66,-117.53,0.00,1.00
-101.38,-107.50,0.00,1.00
10.27,191.31,0.00,1.00
110.57,-79.12,0.00,1.00
107.43,-94.48,0.00,1.00
-132.97,92.79,0.00,1.00
-100.00,-124.09,0.00,1.00
-100.31,-109.33,0.00,1.00
-93.07,-118.85,0.00,1.00
13.31,193.75,0.00,1.00
-67.76,-140.41,0.00,1.00
-107.85,66.39,0.00,1.00
-90.22,-111.03,0.00,1.00
5.11,197.60,0.00,1.00
91.82,-100.03,0.00,1.00
-100.82,-108.51,0.00,1.00
-44.11,-175.33,0.00,1.00
-61.11,-174.59,0.00,1.00
-149.13,50.48,0.00,1.00
-144.65,66.02,0.00,1.00
-92.64,-108.51,0.00,1.00
-85.97,-116.09,0.00,1.00
96.84,-54.06,0.00,1.00
-102.83,-109.64,0.00,1.00
96.53,40.45,0.00,1.00
11.44,190.01,0.00,1.00
-0.68,195.32,0.00,1.00
-68.33,-131.28,0.00,1.00
-147.19,64.59,0.00,1.00
-140.39,42.60,0.00,1.00
-97.88,-120.38,0.00,1.00
-90.20,-110.23,0.00,1.00
-41.51,-165.45,0.00,1.00
-104.27,-104.33,0.00,1.00
-106.21,-112.42,0.00,1.00
-106.05,-105.80,0.00,1.00
-105.42,103.47,0.00,1.00
-85.51,-116.87,0.00,1.00
-42.99,-171.43,0.00,1.00
11.25,188.11,0.00,1.00
-93.32,-136.23,0.00,1.00
-69.55,-165.57,0.00,1.00
-147.81,44.43,0.00,1.00
15.09,193.19,0.00,1.00
-113.84,104.69,0.00,1.00
112.48,79.52,0.00,1.00
-65.56,-131.35,0.00,1.00
136.21,32.99,0.00,1.00
108.46,-93.97,0.00,1.00
105.88,32.09,0.00,1.00
-152.50,57.38,0.00,1.00
-106.76,-109.02,0.00,1.00
15.56,190.07,0.00,1.00
-148.91,41.97,0.00,1.00
117.28,80.73,0.00,1.00
-100.08,-118.38,0.00,1.00
134.13,33.02,0.00,1.00
-43.02,-176.53,0.00,1.00
-76.81,-157.46,0.00,1.00
-136.91,46.17,0.00,1.00
-42.77,17.09,0.00,1.00
-98.34,-116.32,0.00,1.00
120.68,80.30,0.00,1.00
5.66,200.54,0.00,1.00
-41.83,-180.29,0.00,1.00
-98.35,-126.18,0.00,1.00
-94.59,-140.67,0.00,1.00
-15.97,26.47,0.00,1.00
-66.54,-133.43,0.00,1.00
-93.44,-105.21,0.00,1.00
5.96,199.67,0.00,1.00
-146.50,69.57,0.00,1.00
-42.91,-176.00,0.00,1.00
-91.59,-140.73,0.00,1.00
-42.58,-174.33,0.00,1.00
-38.44,-8.35,0.00,1.00
100.80,-59.20,0.00,1.00
-43.79,-154.51,0.00,1.00
-98.23,-101.58,0.00,1.00
-126.26,97.42,0.00,1.00
-126.21,96.61,0.00,1.00
-90.85,-144.61,0.00,1.00
-106.93,-109.74,0.00,1.00
12.23,187.57,0.00,1.00
135.39,76.78,0.00,1.00
-145.51,35.32,0.00,1.00
-4.20,195.66,0.00,1.00
-152.65,59.41,0.00,1.00
-62.39,-137.10,0.00,1.00
13.54,186.20,0.00,1.00
-152.73,34.86,0.00,1.00
-55.40,-142.72,0.00,1.00
14.09,187.62,0.00,1.00
-126.23,97.72,0.00,1.00
16.79,192.04,0.00,1.00
-106.93,-109.54,0.00,1.00
-149.28,40.51,0.00,1.00
-44.68,-178.53,0.00,1.00
15.70,187.07,0.00,1.00
-114.87,55.58,0.00,1.00
9.74,186.14,0.00,1.00
103.60,-98.17,0.00,1.00
-63.42,-140.41,0.00,1.00
8.47,-59.10,0.00,1.00
105.98,77.79,0.00,1.00
-9.82,25.42,0.00,1.00
134.07,32.40,0.00,1.00
-98.02,94.09,0.00,1.00
-103.72,-99.28,0.00,1.00
-151.15,39.55,0.00,1.00
-135.66,94.21,0.00,1.00
-94.94,-132.67,0.00,1.00
-75.61,-118.67,0.00,1.00
-103.31,-119.26,0.00,1.00
-88.21,-149.82,0.00,1.00
-62.96,-137.02,0.00,1.00
-43.88,-179.70,0.00,1.00
111.12,-89.29,0.00,1.00
12.17,185.64,0.00,1.00
-145.60,35.68,0.00,1.00
-47.78,-182.57,0.00,1.00
148.60,66.42,0.00,1.00
105.85,78.27,0.00,1.00
-105.16,-119.80,0.00,1.00
-150.68,43.96,0.00,1.00
-144.99,34.43,0.00,1.00
-40.49,-168.24,0.00,1.00
-95.14,-138.60,0.00,1.00
-59.70,-139.28,0.00,1.00
-60.12,-136.47,0.00,1.00
-107.93,105.39,0.00,1.00
-6.95,193.75,0.00,1.00
-73.68,-117.82,0.00,1.00
-153.04,58.81,0.00,1.00
113.66,28.36,0.00,1.00
95.20,-101.87,0.00,1.00
-107.08,-97.72,0.00,1.00
-54.41,-142.29,0.00,1.00
123.79,27.49,0.00,1.00
-143.84,40.59,0.00,1.00
-38.95,-169.67,0.00,1.00
-46.46,-181.73,0.00,1.00
-59.02,-140.19,0.00,1.00
-128.91,43.56,0.00,1.00
-37.57,-175.20,0.00,1.00
-72.06,-163.57,0.00,1.00
-0.12,182.40,0.00,1.00
7.41,18.93,0.00,1.00
-105.30,-97.31,0.00,1.00
141.75,73.69,0.00,1.00
-53.48,-179.20,0.00,1.00
-97.31,86.26,0.00,1.00
-0.57,182.27,0.00,1.00
-105.42,-116.62,0.00,1.00
-41.44,-183.31,0.00,1.00
-35.67,-177.34,0.00,1.00
-145.41,30.72,0.00,1.00
-133.79,43.13,0.00,1.00
-27.21,27.03,0.00,1.00
-37.91,-166.59,0.00,1.00
-88.66,-103.23,0.00,1.00
16.26,197.22,0.00,1.00
-130.80,43.24,0.00,1.00
-40.79,-164.59,0.00,1.00
-42.11,-184.43,0.00,1.00
139.84,33.80,0.00,1.00
-57.47,-141.08,0.00,1.00
-3.78,198.45,0.00,1.00
-8.14,-46.60,0.00,1.00
-95.92,-138.36,0.00,1.00
-97.25,96.60,0.00,1.00
-36.47,-170.21,0.00,1.00
152.34,56.66,0.00,1.00
-107.68,-115.25,0.00,1.00
-159.56,32.18,0.00,1.00
-67.37,-173.43,0.00,1.00
-43.34,17.62,0.00,1.00
-34.37,-175.81,0.00,1.00
-44.81,3.85,0.00,1.00
-103.11,-128.81,0.00,1.00
136.20,31.53,0.00,1.00
-98.25,99.74,0.00,1.00
136.95,76.90,0.00,1.00
-80.08,-109.74,0.00,1.00
-133.86,40.72,0.00,1.00
-159.81,32.47,0.00,1.00
-130.18,97.62,0.00,1.00
-152.32,42.32,0.00,1.00
152.00,59.90,0.00,1.00
95.83,73.23,0.00,1.00
-70.34,-168.37,0.00,1.00
18.44,187.14,0.00,1.00
70.21,-97.10,0.00,1.00
-131.91,43.83,0.00,1.00
-154.30,40.47,0.00,1.00
-100.29,102.22,0.00,1.00
-4.58,183.25,0.00,1.00
-42.52,-185.60,0.00,1.00
-10.37,191.26,0.00,1.00
-40.52,-162.13,0.00,1.00
-97.14,-135.01,0.00,1.00
-149.54,26.32,0.00,1.00
-25.92,26.45,0.00,1.00
-158.22,20.79,0.00,1.00
-107.83,62.78,0.00,1.00
-86.73,-103.21,0.00,1.00
-105.01,69.24,0.00,1.00
105.58,79.25,0.00,1.00
-81.80,-106.69,0.00,1.00
-97.22,-132.66,0.00,1.00
-141.28,91.01,0.00,1.00
-47.18,8.55,0.00,1.00
-98.63,83.01,0.00,1.00
-109.88,-108.28,0.00,1.00
-34.97,-178.98,0.00,1.00
-122.02,46.65,0.00,1.00
-70.17,-168.70,0.00,1.00
-100.92,-130.93,0.00,1.00
-32.36,25.60,0.00,1.00
-54.89,-137.08,0.00,1.00
-89.28,-106.02,0.00,1.00
-108.88,-94.50,0.00,1.00
-159.30,39.76,0.00,1.00
-97.16,96.97,0.00,1.00
-111.46,-105.05,0.00,1.00
92.46,38.75,0.00,1.00
-41.81,20.52,0.00,1.00
20.36,193.62,0.00,1.00
-109.51,-115.66,0.00,1.00
-34.40,-173.03,0.00,1.00
-98.52,-135.04,0.00,1.00
-51.32,-183.59,0.00,1.00
-2.58,200.63,0.00,1.00
95.54,-51.45,0.00,1.00
132.82,28.36,0.00,1.00
-121.76,44.89,0.00,1.00
-95.81,86.16,0.00,1.00
107.55,79.90,0.00,1.00
-9.59,189.92,0.00,1.00
-164.40,20.07,0.00,1.00
-163.63,30.30,0.00,1.00
-153.35,24.63,0.00,1.00
-65.41,-176.41,0.00,1.00
-44.13,-150.69,0.00,1.00
20.61,193.86,0.00,1.00
-9.68,188.61,0.00,1.00
-148.74,74.74,0.00,1.00
-32.77,26.97,0.00,1.00
10.84,202.59,0.00,1.00
111.08,-95.82,0.00,1.00
10.37,202.74,0.00,1.00
-45.53,15.84,0.00,1.00
-105.19,66.25,0.00,1.00
-165.60,26.89,0.00,1.00
106.84,79.31,0.00,1.00
101.00,77.12,0.00,1.00
-112.51,52.54,0.00,1.00
113.52,-81.59,0.00,1.00
-132.00,41.02,0.00,1.00
-82.87,-159.34,0.00,1.00
13.14,181.23,0.00,1.00
-46.07,4.64,0.00,1.00
-2.84,181.37,0.00,1.00
-108.52,-93.13,0.00,1.00
-8.98,186.58,0.00,1.00
20.21,194.61,0.00,1.00
-94.74,-144.33,0.00,1.00
-154.93,28.54,0.00,1.00
-167.75,26.89,0.00,1.00
102.77,78.67,0.00,1.00
-132.62,37.15,0.00,1.00
2.87,202.60,0.00,1.00
-169.63,28.32,0.00,1.00
-124.80,40.13,0.00,1.00
-72.73,-115.19,0.00,1.00
4.20,178.69,0.00,1.00
0.62,179.50,0.00,1.00
79.21,-31.38,0.00,1.00
-69.45,-172.80,0.00,1.00
-168.24,27.05,0.00,1.00
-53.07,-184.71,0.00,1.00
-33.66,27.20,0.00,1.00
-74.53,-163.48,0.00,1.00
-59.79,-180.39,0.00,1.00
153.13,53.81,0.00,1.00
17.63,183.05,0.00,1.00
-168.34,25.29,0.00,1.00
-110.83,58.07,0.00,1.00
-61.08,-124.75,0.00,1.00
106.62,-101.08,0.00,1.00
-110.36,59.27,0.00,1.00
104.97,-99.85,0.00,1.00
-32.47,-179.74,0.00,1.00
-84.29,-99.48,0.00,1.00
-106.94,-88.35,0.00,1.00
111.79,-71.86,0.00,1.00
-112.08,-106.02,0.00,1.00
-40.57,-186.34,0.00,1.00
-112.06,-97.41,0.00,1.00
-45.49,-187.43,0.00,1.00
22.21,195.52,0.00,1.00
-99.68,-132.49,0.00,1.00
95.72,-103.95,0.00,1.00
-159.85,34.26,0.00,1.00
93.84,73.41,0.00,1.00
-35.03,26.85,0.00,1.00
-161.92,31.84,0.00,1.00
-31.85,-177.88,0.00,1.00
22.99,191.02,0.00,1.00
-154.47,43.77,0.00,1.00
-43.74,19.59,0.00,1.00
-11.26,188.51,0.00,1.00
-82.76,-104.21,0.00,1.00
-45.30,-187.62,0.00,1.00
-80.05,-160.63,0.00,1.00
-80.96,-105.82,0.00,1.00
-58.16,-182.02,0.00,1.00
-100.23,-93.14,0.00,1.00
-35.66,27.32,0.00,1.00
-57.98,-128.63,0.00,1.00
19.37,183.34,0.00,1.00
-156.80,58.31,0.00,1.00
-164.08,31.98,0.00,1.00
-109.75,-93.68,0.00,1.00
-32.96,-183.48,0.00,1.00
-126.80,39.12,0.00,1.00
113.97,-91.13,0.00,1.00
-165.76,21.54,0.00,1.00
-111.73,-122.88,0.00,1.00
-163.17,18.23,0.00,1.00
-159.69,12.90,0.00,1.00
-43.73,20.14,0.00,1.00
-122.66,42.27,0.00,1.00
68.60,-97.90,0.00,1.00
88.24,44.49,0.00,1.00
134.81,28.54,0.00,1.00
-42.25,22.57,0.00,1.00
115.14,83.03,0.00,1.00
-148.74,78.82,0.00,1.00
-157.67,11.93,0.00,1.00
-155.11,44.04,0.00,1.00
-111.67,-92.61,0.00,1.00
12.58,179.47,0.00,1.00
-31.94,-173.35,0.00,1.00
-168.00,15.19,0.00,1.00
-110.41,-90.22,0.00,1.00
-168.38,10.87,0.00,1.00
5.69,204.21,0.00,1.00
-161.47,16.66,0.00,1.00
-99.69,-92.80,0.00,1.00
-112.02,108.24,0.00,1.00
-144.62,21.53,0.00,1.00
-138.87,31.45,0.00,1.00
-160.57,7.54,0.00,1.00
-1.46,-53.50,0.00,1.00
-105.16,62.65,0.00,1.00
-68.74,-176.70,0.00,1.00
-36.94,-157.94,0.00,1.00
-10.37,184.60,0.00,1.00
-160.26,41.70,0.00,1.00
-154.60,11.87,0.00,1.00
-158.87,9.70,0.00,1.00
-139.05,27.35,0.00,1.00
-127.17,101.27,0.00,1.00
-92.41,98.98,0.00,1.00
-80.18,-105.36,0.00,1.00
-76.19,-166.29,0.00,1.00
-93.49,92.07,0.00,1.00
69.22,-98.80,0.00,1.00
-49.69,-187.26,0.00,1.00
-167.31,12.15,0.00,1.00
-116.54,-90.87,0.00,1.00
-106.04,61.42,0.00,1.00
-98.24,104.14,0.00,1.00
-92.52,99.72,0.00,1.00
-159.73,11.38,0.00,1.00
-10.48,183.12,0.00,1.00
-68.87,-116.21,0.00,1.00
-42.61,25.58,0.00,1.00
-96.73,-143.00,0.00,1.00
-170.75,30.21,0.00,1.00
19.95,197.79,0.00,1.00
-42.67,25.97,0.00,1.00
21.04,184.87,0.00,1.00
86.92,-103.13,0.00,1.00
92.36,-46.53,0.00,1.00
-132.95,36.06,0.00,1.00
5.35,205.93,0.00,1.00
84.27,-102.57,0.00,1.00
-110.55,109.12,0.00,1.00
-101.14,-134.65,0.00,1.00
-33.22,29.09,0.00,1.00
-3.57,24.28,0.00,1.00
-117.19,-109.07,0.00,1.00
-109.03,58.71,0.00,1.00
-50.15,-137.39,0.00,1.00
-58.17,-182.89,0.00,1.00
-112.86,-123.45,0.00,1.00
-93.99,100.97,0.00,1.00
-43.00,-147.79,0.00,1.00
102.35,-102.69,0.00,1.00
19.81,198.82,0.00,1.00
-11.53,194.36,0.00,1.00
-169.06,12.58,0.00,1.00
-162.18,40.57,0.00,1.00
-99.22,-137.40,0.00,1.00
-114.72,-118.87,0.00,1.00
-95.27,83.24,0.00,1.00
-110.47,51.06,0.00,1.00
101.50,79.19,0.00,1.00
-112.85,-90.19,0.00,1.00
-31.42,-173.54,0.00,1.00
-133.25,97.84,0.00,1.00
-155.33,11.09,0.00,1.00
-113.32,-87.28,0.00,1.00
147.82,38.23,0.00,1.00
-176.04,25.44,0.00,1.00
-101.75,-134.14,0.00,1.00
108.91,82.55,0.00,1.00
-147.40,13.96,0.00,1.00
-0.16,23.88,0.00,1.00
-3.58,177.16,0.00,1.00
-165.49,35.03,0.00,1.00
89.09,37.86,0.00,1.00
102.84,81.58,0.00,1.00
-87.26,-158.02,0.00,1.00
-117.23,-106.94,0.00,1.00
-100.23,107.89,0.00,1.00
-98.76,-92.23,0.00,1.00
-155.62,18.09,0.00,1.00
-176.75,25.94,0.00,1.00
-44.43,22.10,0.00,1.00
-147.65,12.65,0.00,1.00
-73.96,-168.95,0.00,1.00
-115.01,-103.91,0.00,1.00
-86.08,-97.57,0.00,1.00
2.34,205.98,0.00,1.00
-97.85,-93.27,0.00,1.00
-30.03,-26.78,0.00,1.00
8.14,-61.86,0.00,1.00
-94.15,103.48,0.00,1.00
-150.74,-0.29,0.00,1.00
9.21,175.54,0.00,1.00
-158.24,15.13,0.00,1.00
8.39,176.77,0.00,1.00
-99.70,108.67,0.00,1.00
-162.99,41.75,0.00,1.00
-164.24,42.23,0.00,1.00
-155.24,18.10,0.00,1.00
-97.20,104.15,0.00,1.00
-89.78,97.72,0.00,1.00
-127.55,37.29,0.00,1.00
6.53,205.64,0.00,1.00
-158.75,7.86,0.00,1.00
-158.46,2.42,0.00,1.00
107.45,82.12,0.00,1.00
-148.36,3.29,0.00,1.00
-114.85,-116.84,0.00,1.00
14.05,202.40,0.00,1.00
-134.28,96.98,0.00,1.00
24.93,184.12,0.00,1.00
152.45,68.21,0.00,1.00
-90.15,-93.73,0.00,1.00
23.42,-72.23,0.00,1.00
-137.50,30.89,0.00,1.00
-148.98,16.31,0.00,1.00
-33.25,-166.75,0.00,1.00
-98.88,-141.32,0.00,1.00
-66.44,-115.73,0.00,1.00
93.08,75.95,0.00,1.00
18.32,200.58,0.00,1.00
136.00,27.00,0.00,1.00
-171.72,9.29,0.00,1.00
-122.70,106.22,0.00,1.00
131.51,25.53,0.00,1.00
84.11,51.08,0.00,1.00
-124.99,36.95,0.00,1.00
-158.09,1.82,0.00,1.00
-110.79,-126.84,0.00,1.00
-97.04,78.43,0.00,1.00
-92.02,106.83,0.00,1.00
26.35,190.94,0.00,1.00
105.31,-104.39,0.00,1.00
-132.51,98.60,0.00,1.00
6.88,206.92,0.00,1.00
-48.61,-137.31,0.00,1.00
23.79,183.43,0.00,1.00
93.37,77.24,0.00,1.00
-45.10,-3.41,0.00,1.00
24.22,11.59,0.00,1.00
117.04,-92.34,0.00,1.00
-173.46,29.53,0.00,1.00
-72.78,-170.97,0.00,1.00
129.12,23.31,0.00,1.00
-173.03,7.89,0.00,1.00
-153.55,71.20,0.00,1.00
-167.00,38.56,0.00,1.00
-165.52,36.55,0.00,1.00
-132.10,33.61,0.00,1.00
150.88,71.81,0.00,1.00
-167.40,-0.49,0.00,1.00
-105.51,110.43,0.00,1.00
-27.22,31.21,0.00,1.00
-166.44,41.48,0.00,1.00
-167.07,41.06,0.00,1.00
-176.43,29.42,0.00,1.00
83.30,57.70,0.00,1.00
20.54,178.69,0.00,1.00
-116.31,-114.54,0.00,1.00
-168.67,8.47,0.00,1.00
96.84,32.60,0.00,1.00
-29.22,-175.09,0.00,1.00
-174.86,33.36,0.00,1.00
-159.29,-2.81,0.00,1.00
-101.22,110.11,0.00,1.00
-158.40,51.60,0.00,1.00
-170.43,6.78,0.00,1.00
141.12,29.12,0.00,1.00
150.61,72.74,0.00,1.00
-117.38,-84.83,0.00,1.00
-145.56,19.43,0.00,1.00
-168.80,6.15,0.00,1.00
-118.84,42.24,0.00,1.00
-58.06,-122.95,0.00,1.00
-150.85,17.73,0.00,1.00
-7.17,204.46,0.00,1.00
9.06,206.80,0.00,1.00
-43.39,-141.59,0.00,1.00
92.33,33.04,0.00,1.00
-89.62,-156.17,0.00,1.00
141.36,27.83,0.00,1.00
-121.15,-84.80,0.00,1.00
-87.28,-159.92,0.00,1.00
98.25,82.08,0.00,1.00
-95.57,79.18,0.00,1.00
-120.53,-93.51,0.00,1.00
-121.32,-91.84,0.00,1.00
98.94,83.97,0.00,1.00
-105.00,-84.00,0.00,1.00
-167.99,39.44,0.00,1.00
-118.25,-96.13,0.00,1.00
136.47,25.26,0.00,1.00
-46.21,26.96,0.00,1.00
-118.24,-103.53,0.00,1.00
-117.25,-98.14,0.00,1.00
141.58,27.98,0.00,1.00
-120.48,40.11,0.00,1.00
84.84,37.97,0.00,1.00
15.59,177.39,0.00,1.00
-143.89,15.19,0.00,1.00
26.73,-75.10,0.00,1.00
-6.05,205.12,0.00,1.00
3.02,172.98,0.00,1.00
129.87,22.73,0.00,1.00
18.76,16.45,0.00,1.00
102.45,30.41,0.00,1.00
84.94,37.13,0.00,1.00
-47.67,24.97,0.00,1.00
-88.78,-92.93,0.00,1.00
-144.12,13.54,0.00,1.00
-159.93,59.73,0.00,1.00
-167.67,1.86,0.00,1.00
-160.17,-4.16,0.00,1.00
-120.54,-108.22,0.00,1.00
-95.35,109.25,0.00,1.00
-82.25,-97.12,0.00,1.00
-159.41,55.32,0.00,1.00
-181.57,19.87,0.00,1.00
-88.96,107.95,0.00,1.00
-133.10,25.44,0.00,1.00
91.92,78.33,0.00,1.00
-121.86,-92.36,0.00,1.00
-30.10,-187.53,0.00,1.00
-118.03,-101.94,0.00,1.00
-69.99,-109.83,0.00,1.00
-118.59,-98.71,0.00,1.00
-42.29,29.18,0.00,1.00
147.27,35.96,0.00,1.00
-154.91,72.34,0.00,1.00
146.71,34.94,0.00,1.00
-115.52,-123.13,0.00,1.00
156.52,65.13,0.00,1.00
152.16,72.79,0.00,1.00
-108.12,111.73,0.00,1.00
-73.75,-105.60,0.00,1.00
-122.13,-106.21,0.00,1.00
-29.72,-165.45,0.00,1.00
-107.74,54.60,0.00,1.00
-5.56,174.12,0.00,1.00
-51.19,13.05,0.00,1.00
-131.79,25.09,0.00,1.00
157.10,64.69,0.00,1.00
-181.67,12.40,0.00,1.00
-95.91,110.08,0.00,1.00
-14.16,-43.93,0.00,1.00
-81.66,-98.14,0.00,1.00
-121.74,-102.11,0.00,1.00
-133.92,99.07,0.00,1.00
-91.09,-90.79,0.00,1.00
-64.79,-181.69,0.00,1.00
-99.61,64.48,0.00,1.00
4.47,-59.87,0.00,1.00
151.26,74.84,0.00,1.00
-120.43,-101.76,0.00,1.00
-134.54,22.17,0.00,1.00
-141.56,7.98,0.00,1.00
-83.23,-96.14,0.00,1.00
-86.01,102.61,0.00,1.00
117.22,-100.12,0.00,1.00
-179.77,16.71,0.00,1.00
-40.88,-148.15,0.00,1.00
-29.41,-187.89,0.00,1.00
-124.11,-103.51,0.00,1.00
17.09,176.69,0.00,1.00
-90.63,92.04,0.00,1.00
-178.33,32.16,0.00,1.00
84.04,-104.25,0.00,1.00
3.08,172.59,0.00,1.00
13.22,174.07,0.00,1.00
147.89,77.05,0.00,1.00
81.35,47.32,0.00,1.00
-103.41,113.20,0.00,1.00
152.03,73.62,0.00,1.00
-45.44,-137.88,0.00,1.00
-128.30,33.80,0.00,1.00
23.04,200.35,0.00,1.00
-84.93,108.46,0.00,1.00
91.77,79.20,0.00,1.00
-169.78,47.34,0.00,1.00
-89.74,110.04,0.00,1.00
56.32,-94.25,0.00,1.00
-75.85,-101.61,0.00,1.00
-86.63,-160.67,0.00,1.00
-36.65,-20.23,0.00,1.00
-174.40,4.75,0.00,1.00
-88.39,-90.38,0.00,1.00
-60.94,-117.11,0.00,1.00
151.83,74.98,0.00,1.00
17.82,205.53,0.00,1.00
-127.11,-94.68,0.00,1.00
2.37,172.35,0.00,1.00
-104.79,114.34,0.00,1.00
-89.08,-159.16,0.00,1.00
35.09,3.67,0.00,1.00
-87.31,108.50,0.00,1.00
-152.28,75.60,0.00,1.00
-119.05,-80.54,0.00,1.00
87.26,74.03,0.00,1.00
-181.60,28.71,0.00,1.00
141.23,80.15,0.00,1.00
-86.52,-93.03,0.00,1.00
-53.75,-188.95,0.00,1.00
-155.45,-8.22,0.00,1.00
-50.26,5.80,0.00,1.00
95.92,83.46,0.00,1.00
144.41,30.03,0.00,1.00
79.63,-104.01,0.00,1.00
79.54,47.70,0.00,1.00
-124.98,-81.63,0.00,1.00
-72.06,-105.28,0.00,1.00
-122.64,-108.42,0.00,1.00
-109.23,46.16,0.00,1.00
22.48,177.62,0.00,1.00
29.24,10.13,0.00,1.00
-32.93,-159.18,0.00,1.00
-0.92,26.19,0.00,1.00
-157.23,-8.40,0.00,1.00
33.61,5.54,0.00,1.00
-126.19,-92.51,0.00,1.00
-83.97,-163.46,0.00,1.00
-30.68,-189.53,0.00,1.00
-183.70,11.93,0.00,1.00
-137.33,98.25,0.00,1.00
-102.62,-82.20,0.00,1.00
-89.67,89.45,0.00,1.00
-84.52,109.89,0.00,1.00
80.51,49.58,0.00,1.00
-83.77,104.12,0.00,1.00
-112.87,-76.70,0.00,1.00
-23.43,-36.19,0.00,1.00
-181.87,8.21,0.00,1.00
16.49,175.08,0.00,1.00
130.04,20.84,0.00,1.00
-184.14,23.15,0.00,1.00
-64.52,-112.70,0.00,1.00
-166.28,50.68,0.00,1.00
-156.35,68.67,0.00,1.00
-105.59,114.87,0.00,1.00
27.65,189.45,0.00,1.00
-182.50,29.44,0.00,1.00
89.56,-106.39,0.00,1.00
-172.04,46.50,0.00,1.00
-137.14,18.20,0.00,1.00
156.01,72.52,0.00,1.00
-180.75,6.39,0.00,1.00
-140.17,3.94,0.00,1.00
-126.47,34.33,0.00,1.00
-52.72,19.31,0.00,1.00
-151.15,82.38,0.00,1.00
-82.25,106.57,0.00,1.00
-183.59,28.25,0.00,1.00
-100.60,117.55,0.00,1.00
104.56,-108.08,0.00,1.00
-17.03,192.89,0.00,1.00
-99.30,117.21,0.00,1.00
-23.89,-177.35,0.00,1.00
90.70,81.55,0.00,1.00
-135.24,14.92,0.00,1.00
-53.22,18.43,0.00,1.00
-180.57,34.07,0.00,1.00
-61.30,-185.84,0.00,1.00
-126.50,-98.86,0.00,1.00
-172.68,47.35,0.00,1.00
-118.52,-125.21,0.00,1.00
-99.21,-84.83,0.00,1.00
-105.38,52.17,0.00,1.00
62.68,-98.32,0.00,1.00
61.74,-97.73,0.00,1.00
-28.19,-189.63,0.00,1.00
-170.85,-1.10,0.00,1.00
89.15,81.02,0.00,1.00
-40.53,32.18,0.00,1.00
-177.80,1.68,0.00,1.00
-180.50,5.12,0.00,1.00
-126.29,23.64,0.00,1.00
120.85,-97.03,0.00,1.00
14.54,208.74,0.00,1.00
-131.09,-89.22,0.00,1.00
8.67,171.40,0.00,1.00
-28.97,-164.10,0.00,1.00
91.47,-108.07,0.00,1.00
97.68,-108.40,0.00,1.00
-52.09,-125.39,0.00,1.00
85.56,31.21,0.00,1.00
-120.81,-116.50,0.00,1.00
-166.13,57.10,0.00,1.00
-124.41,33.98,0.00,1.00
-168.08,52.76,0.00,1.00
142.73,25.65,0.00,1.00
-174.31,1.59,0.00,1.00
-86.50,113.60,0.00,1.00
-167.74,52.05,0.00,1.00
-116.17,-76.10,0.00,1.00
-31.05,-192.40,0.00,1.00
-82.01,-168.04,0.00,1.00
78.61,50.38,0.00,1.00
-132.48,19.89,0.00,1.00
-24.05,-175.27,0.00,1.00
-172.28,49.14,0.00,1.00
-157.99,68.65,0.00,1.00
-98.38,118.77,0.00,1.00
-111.17,-65.24,0.00,1.00
-28.28,-193.71,0.00,1.00
-172.58,49.09,0.00,1.00
-2.05,169.96,0.00,1.00
-164.39,-10.03,0.00,1.00
-49.23,-193.80,0.00,1.00
19.08,174.60,0.00,1.00
-146.42,-6.58,0.00,1.00
78.15,40.97,0.00,1.00
-92.59,118.79,0.00,1.00
-114.54,-65.42,0.00,1.00
85.48,30.99,0.00,1.00
-186.00,14.58,0.00,1.00
-144.25,-5.94,0.00,1.00
-129.87,107.19,0.00,1.00
-9.43,207.03,0.00,1.00
113.94,-106.54,0.00,1.00
-138.05,100.60,0.00,1.00
-84.26,114.08,0.00,1.00
-22.25,-182.56,0.00,1.00
-143.65,-5.24,0.00,1.00
31.60,197.66,0.00,1.00
-171.21,-5.55,0.00,1.00
-46.03,-133.05,0.00,1.00
-84.35,-87.77,0.00,1.00
-17.93,191.23,0.00,1.00
88.78,-107.78,0.00,1.00
-170.62,-5.86,0.00,1.00
-18.46,192.06,0.00,1.00
12.14,210.43,0.00,1.00
-14.73,202.18,0.00,1.00
-171.85,-7.34,0.00,1.00
-115.25,-69.90,0.00,1.00
-120.52,-76.39,0.00,1.00
-102.78,-71.48,0.00,1.00
-179.98,0.07,0.00,1.00
-123.22,-76.58,0.00,1.00
-56.41,20.48,0.00,1.00
-129.26,-101.13,0.00,1.00
-100.84,-73.96,0.00,1.00
-54.58,27.13,0.00,1.00
132.24,83.51,0.00,1.00
-119.59,-76.30,0.00,1.00
-109.44,-65.07,0.00,1.00
-81.52,99.11,0.00,1.00
-130.47,-102.57,0.00,1.00
-70.92,-182.54,0.00,1.00
-127.47,-83.19,0.00,1.00
-14.37,204.40,0.00,1.00
-183.77,3.26,0.00,1.00
161.76,69.23,0.00,1.00
-3.44,170.28,0.00,1.00
85.06,29.46,0.00,1.00
-23.26,-188.75,0.00,1.00
-153.26,-10.80,0.00,1.00
-133.28,-87.96,0.00,1.00
-67.77,-104.18,0.00,1.00
85.80,29.00,0.00,1.00
-112.69,40.39,0.00,1.00
78.10,36.18,0.00,1.00
-136.04,11.60,0.00,1.00
-24.68,35.97,0.00,1.00
77.15,39.79,0.00,1.00
145.91,23.28,0.00,1.00
-97.67,-79.29,0.00,1.00
-93.70,-82.19,0.00,1.00
-99.37,-76.57,0.00,1.00
-142.43,-4.06,0.00,1.00
-120.28,-75.49,0.00,1.00
-158.30,-11.63,0.00,1.00
-98.73,-76.83,0.00,1.00
-54.81,27.42,0.00,1.00
-102.75,-145.83,0.00,1.00
-50.93,-1.03,0.00,1.00
-25.80,-194.58,0.00,1.00
-170.51,55.10,0.00,1.00
81.72,67.86,0.00,1.00
-134.67,6.42,0.00,1.00
-77.01,-179.41,0.00,1.00
-87.23,88.22,0.00,1.00
-117.66,33.16,0.00,1.00
-141.83,-6.46,0.00,1.00
159.13,74.01,0.00,1.00
25.28,206.12,0.00,1.00
-72.99,-97.26,0.00,1.00
-54.88,10.40,0.00,1.00
101.88,89.08,0.00,1.00
76.23,39.66,0.00,1.00
-85.11,93.38,0.00,1.00
-111.67,-62.33,0.00,1.00
-177.83,45.74,0.00,1.00
-34.66,-196.87,0.00,1.00
-139.85,-3.96,0.00,1.00
-141.82,99.17,0.00,1.00
-107.73,-139.47,0.00,1.00
31.75,-80.58,0.00,1.00
-141.31,-7.81,0.00,1.00
-142.23,99.10,0.00,1.00
-93.27,-79.91,0.00,1.00
-122.41,-69.10,0.00,1.00
10.24,212.41,0.00,1.00
-97.20,-76.07,0.00,1.00
-127.13,19.89,0.00,1.00
101.25,89.29,0.00,1.00
-9.67,30.89,0.00,1.00
101.27,-110.76,0.00,1.00
80.26,31.73,0.00,1.00
123.01,-85.35,0.00,1.00
122.95,-84.10,0.00,1.00
-118.13,32.33,0.00,1.00
-187.16,18.57,0.00,1.00
76.59,48.32,0.00,1.00
-18.88,-186.96,0.00,1.00
-148.97,-14.77,0.00,1.00
-121.78,20.13,0.00,1.00
-183.63,42.56,0.00,1.00
-75.75,117.38,0.00,1.00
-137.43,-3.76,0.00,1.00
-56.43,11.32,0.00,1.00
-80.20,98.44,0.00,1.00
-48.74,-124.40,0.00,1.00
-158.63,73.78,0.00,1.00
-105.16,120.37,0.00,1.00
-19.18,184.01,0.00,1.00
-158.58,74.14,0.00,1.00
-85.31,118.55,0.00,1.00
-127.06,-116.90,0.00,1.00
-186.19,3.78,0.00,1.00
75.78,47.83,0.00,1.00
161.71,63.81,0.00,1.00
-149.30,-19.46,0.00,1.00
-166.77,-13.96,0.00,1.00
161.00,74.39,0.00,1.00
80.29,69.32,0.00,1.00
-85.66,87.32,0.00,1.00
73.48,-105.78,0.00,1.00
-188.15,31.14,0.00,1.00
-69.55,-97.84,0.00,1.00
-123.73,-124.50,0.00,1.00
-18.36,178.96,0.00,1.00
-133.75,-110.73,0.00,1.00
-97.98,122.80,0.00,1.00
140.73,18.67,0.00,1.00
-21.31,200.34,0.00,1.00
-18.06,-183.37,0.00,1.00
-122.77,-71.59,0.00,1.00
-122.81,-63.68,0.00,1.00
-85.54,120.64,0.00,1.00
19.52,210.75,0.00,1.00
-108.30,-145.08,0.00,1.00
123.77,-101.00,0.00,1.00
-76.72,115.30,0.00,1.00
163.76,69.93,0.00,1.00
-7.77,211.12,0.00,1.00
-131.44,4.64,0.00,1.00
147.60,19.10,0.00,1.00
-118.38,29.44,0.00,1.00
161.53,75.50,0.00,1.00
72.91,45.07,0.00,1.00
-65.62,-104.31,0.00,1.00
163.44,71.36,0.00,1.00
-125.03,-73.88,0.00,1.00
74.72,35.08,0.00,1.00
-114.14,35.03,0.00,1.00
-149.80,-16.45,0.00,1.00
-115.32,33.73,0.00,1.00
-86.97,76.97,0.00,1.00
-125.81,-74.56,0.00,1.00
-74.54,112.72,0.00,1.00
-174.07,-10.04,0.00,1.00
102.76,-111.71,0.00,1.00
121.45,-106.79,0.00,1.00
149.37,19.77,0.00,1.00
-86.64,121.46,0.00,1.00
-138.18,-13.67,0.00,1.00
124.47,-99.96,0.00,1.00
-13.01,172.29,0.00,1.00
-122.40,18.25,0.00,1.00
115.27,-109.31,0.00,1.00
-13.76,173.33,0.00,1.00
-54.99,-115.85,0.00,1.00
121.32,-106.21,0.00,1.00
-187.04,5.22,0.00,1.00
-2.49,212.51,0.00,1.00
-42.08,-133.48,0.00,1.00
-126.42,113.41,0.00,1.00
-131.19,-77.49,0.00,1.00
-125.49,-59.74,0.00,1.00
-51.40,36.06,0.00,1.00
-111.44,35.00,0.00,1.00
-176.36,50.54,0.00,1.00
151.39,21.08,0.00,1.00
102.17,-111.87,0.00,1.00
-133.93,-15.23,0.00,1.00
-30.07,37.96,0.00,1.00
-131.79,-4.20,0.00,1.00
-146.30,-14.56,0.00,1.00
159.63,78.38,0.00,1.00
34.61,197.25,0.00,1.00
-126.82,-74.17,0.00,1.00
-22.14,-195.39,0.00,1.00
-80.88,121.38,0.00,1.00
-144.13,-13.98,0.00,1.00
-180.28,-8.27,0.00,1.00
71.42,35.38,0.00,1.00
-194.10,18.74,0.00,1.00
-16.74,-188.14,0.00,1.00
146.96,17.20,0.00,1.00
-31.43,-199.69,0.00,1.00
-37.69,-200.59,0.00,1.00
-20.63,-43.00,0.00,1.00
34.47,196.00,0.00,1.00
-46.40,36.54,0.00,1.00
100.35,-47.46,0.00,1.00
-14.44,209.92,0.00,1.00
-110.00,36.54,0.00,1.00
-106.63,-147.84,0.00,1.00
-188.52,6.92,0.00,1.00
35.80,186.86,0.00,1.00
-6.61,169.75,0.00,1.00
34.92,196.50,0.00,1.00
-99.79,-155.95,0.00,1.00
-135.09,-9.35,0.00,1.00
-171.76,-13.28,0.00,1.00
-132.26,-76.82,0.00,1.00
-60.11,20.07,0.00,1.00
-102.83,44.81,0.00,1.00
-33.28,-145.27,0.00,1.00
127.77,-91.22,0.00,1.00
88.59,90.88,0.00,1.00
-133.56,109.61,0.00,1.00
-109.16,37.94,0.00,1.00
-17.42,-192.67,0.00,1.00
-129.88,3.73,0.00,1.00
-60.04,17.46,0.00,1.00
-28.16,-199.33,0.00,1.00
120.11,-108.58,0.00,1.00
93.73,92.99,0.00,1.00
-190.77,23.89,0.00,1.00
-192.53,3.99,0.00,1.00
96.11,94.12,0.00,1.00
100.45,-46.80,0.00,1.00
-171.24,60.86,0.00,1.00
-127.25,-70.80,0.00,1.00
93.63,93.27,0.00,1.00
-129.20,-8.77,0.00,1.00
-48.68,39.00,0.00,1.00
93.16,92.49,0.00,1.00
74.73,30.18,0.00,1.00
-43.42,-19.49,0.00,1.00
-24.76,190.54,0.00,1.00
-130.04,-0.05,0.00,1.00
-144.82,-15.78,0.00,1.00
-37.26,-26.05,0.00,1.00
-132.72,-11.58,0.00,1.00
-126.61,-69.86,0.00,1.00
140.09,14.40,0.00,1.00
-155.22,-25.04,0.00,1.00
-119.89,-133.10,0.00,1.00
127.91,-100.01,0.00,1.00
-60.00,9.88,0.00,1.00
-140.64,-21.01,0.00,1.00
-43.77,-127.42,0.00,1.00
-185.12,-7.51,0.00,1.00
-87.82,74.94,0.00,1.00
-77.26,122.34,0.00,1.00
-95.48,-64.90,0.00,1.00
-20.44,-44.53,0.00,1.00
-146.47,-19.92,0.00,1.00
-41.17,39.43,0.00,1.00
-99.06,-159.62,0.00,1.00
-25.18,190.54,0.00,1.00
79.22,77.89,0.00,1.00
-194.07,2.01,0.00,1.00
-26.11,-199.66,0.00,1.00
85.93,25.85,0.00,1.00
-87.89,128.21,0.00,1.00
71.51,29.99,0.00,1.00
-57.67,-111.13,0.00,1.00
-24.67,-199.43,0.00,1.00
-124.54,5.98,0.00,1.00
119.15,-111.31,0.00,1.00
-176.48,-14.74,0.00,1.00
85.84,92.33,0.00,1.00
-84.85,126.15,0.00,1.00
-27.08,-154.13,0.00,1.00
83.47,-30.80,0.00,1.00
-124.27,5.55,0.00,1.00
-118.10,-51.89,0.00,1.00
151.29,15.05,0.00,1.00
-116.74,-142.36,0.00,1.00
168.83,73.57,0.00,1.00
-123.65,-49.76,0.00,1.00
-92.10,-165.78,0.00,1.00
-32.72,-201.14,0.00,1.00
-131.14,-7.13,0.00,1.00
-25.26,-156.61,0.00,1.00
129.29,-101.08,0.00,1.00
-67.66,-92.85,0.00,1.00
-112.54,24.86,0.00,1.00
-37.85,-202.31,0.00,1.00
134.17,13.88,0.00,1.00
-126.20,-10.29,0.00,1.00
-14.71,-182.32,0.00,1.00
168.95,74.37,0.00,1.00
110.68,-115.03,0.00,1.00
-81.32,125.54,0.00,1.00
84.45,92.94,0.00,1.00
-34.28,-202.04,0.00,1.00
61.16,33.03,0.00,1.00
-82.41,87.05,0.00,1.00
-65.09,-91.72,0.00,1.00
66.85,30.76,0.00,1.00
128.18,-101.81,0.00,1.00
-2.38,165.83,0.00,1.00
-188.36,43.46,0.00,1.00
168.82,66.45,0.00,1.00
-142.77,-23.30,0.00,1.00
-136.89,-75.89,0.00,1.00
-107.03,31.65,0.00,1.00
-58.28,-108.05,0.00,1.00
-59.79,-106.41,0.00,1.00
71.16,28.93,0.00,1.00
-46.91,-123.39,0.00,1.00
-130.71,-70.55,0.00,1.00
-139.87,-78.84,0.00,1.00
-86.63,128.29,0.00,1.00
-62.56,-97.16,0.00,1.00
17.03,214.06,0.00,1.00
59.58,33.01,0.00,1.00
-158.99,78.76,0.00,1.00
-131.66,-72.56,0.00,1.00
137.85,12.83,0.00,1.00
-107.82,-152.88,0.00,1.00
-6.19,-57.54,0.00,1.00
-68.79,109.06,0.00,1.00
-160.64,76.70,0.00,1.00
169.47,64.55,0.00,1.00
-195.45,0.94,0.00,1.00
-10.95,213.49,0.00,1.00
-45.53,-201.35,0.00,1.00
-56.63,-109.18,0.00,1.00
107.58,-52.01,0.00,1.00
147.80,14.00,0.00,1.00
60.62,35.11,0.00,1.00
-31.39,-144.89,0.00,1.00
-122.60,-19.26,0.00,1.00
151.47,83.86,0.00,1.00
169.56,64.93,0.00,1.00
-131.46,-66.66,0.00,1.00
-141.63,103.94,0.00,1.00
-83.58,-81.10,0.00,1.00
108.77,-115.59,0.00,1.00
-19.08,208.87,0.00,1.00
-97.45,-59.47,0.00,1.00
-67.39,-88.56,0.00,1.00
-78.55,124.94,0.00,1.00
-145.67,-27.21,0.00,1.00
-36.77,-203.56,0.00,1.00
-123.84,-46.64,0.00,1.00
-134.73,-69.44,0.00,1.00
-62.19,-96.48,0.00,1.00
-136.43,-58.21,0.00,1.00
6.01,216.94,0.00,1.00
-64.49,-89.56,0.00,1.00
-124.20,2.65,0.00,1.00
-135.23,-67.77,0.00,1.00
-93.49,60.44,0.00,1.00
-86.23,-175.31,0.00,1.00
-57.40,-1.21,0.00,1.00
-15.06,-179.75,0.00,1.00
165.91,79.66,0.00,1.00
-113.40,-47.65,0.00,1.00
-125.47,-128.80,0.00,1.00
-93.52,-61.93,0.00,1.00
-160.94,-22.85,0.00,1.00
-175.15,-15.25,0.00,1.00
-115.60,-44.76,0.00,1.00
-197.32,12.61,0.00,1.00
-104.69,35.21,0.00,1.00
-116.04,-44.87,0.00,1.00
82.12,91.81,0.00,1.00
-129.51,-29.93,0.00,1.00
-25.32,178.74,0.00,1.00
116.07,-115.94,0.00,1.00
148.27,12.63,0.00,1.00
82.26,90.94,0.00,1.00
64.68,-12.39,0.00,1.00
-83.35,82.85,0.00,1.00
149.55,12.02,0.00,1.00
-35.38,41.17,0.00,1.00
-88.19,-68.14,0.00,1.00
172.44,62.82,0.00,1.00
-67.96,115.09,0.00,1.00
-79.94,-78.60,0.00,1.00
137.21,9.32,0.00,1.00
-121.53,9.48,0.00,1.00
-129.45,-25.88,0.00,1.00
-130.68,-30.49,0.00,1.00
-134.16,-49.12,0.00,1.00
-98.55,42.21,0.00,1.00
-58.48,-99.18,0.00,1.00
-191.84,-7.93,0.00,1.00
-0.34,163.58,0.00,1.00
-137.59,-70.30,0.00,1.00
-130.72,-29.47,0.00,1.00
-183.52,-14.22,0.00,1.00
172.42,72.43,0.00,1.00
168.87,82.13,0.00,1.00
-105.24,-155.70,0.00,1.00
27.00,-81.77,0.00,1.00
131.21,-85.66,0.00,1.00
-179.18,-15.68,0.00,1.00
38.37,9.37,0.00,1.00
-127.61,-26.68,0.00,1.00
62.63,26.95,0.00,1.00
32.83,205.81,0.00,1.00
-197.89,16.16,0.00,1.00
64.57,26.81,0.00,1.00
-14.62,-198.80,0.00,1.00
-85.86,-178.81,0.00,1.00
-87.97,65.23,0.00,1.00
144.41,10.31,0.00,1.00
159.37,12.94,0.00,1.00
-109.41,-44.27,0.00,1.00
-70.36,98.46,0.00,1.00
-83.21,129.27,0.00,1.00
-54.22,41.65,0.00,1.00
-73.97,-188.03,0.00,1.00
-62.16,12.59,0.00,1.00
-95.63,-56.85,0.00,1.00
120.44,-114.88,0.00,1.00
115.52,-116.86,0.00,1.00
-140.47,-111.15,0.00,1.00
-39.35,-126.45,0.00,1.00
-104.11,127.42,0.00,1.00
-70.31,125.22,0.00,1.00
-68.31,121.91,0.00,1.00
-111.15,-46.56,0.00,1.00
69.56,24.86,0.00,1.00
-97.73,-56.38,0.00,1.00
55.92,39.42,0.00,1.00
64.49,23.31,0.00,1.00
74.47,24.01,0.00,1.00
-104.96,-45.92,0.00,1.00
-10.68,-202.36,0.00,1.00
-105.36,-54.22,0.00,1.00
71.71,25.18,0.00,1.00
-99.92,-54.45,0.00,1.00
145.24,9.46,0.00,1.00
-110.07,-50.45,0.00,1.00
-140.41,-35.73,0.00,1.00
-63.19,39.14,0.00,1.00
-129.34,-33.24,0.00,1.00
-49.74,-108.76,0.00,1.00
60.10,23.04,0.00,1.00
-32.40,-206.00,0.00,1.00
2.67,30.73,0.00,1.00
-187.41,49.77,0.00,1.00
-200.28,21.12,0.00,1.00
-102.58,-54.30,0.00,1.00
-26.04,176.74,0.00,1.00
-93.20,43.69,0.00,1.00
-89.17,-62.88,0.00,1.00
-140.95,-62.82,0.00,1.00
-149.09,-31.27,0.00,1.00
-134.87,-38.87,0.00,1.00
77.22,22.56,0.00,1.00
-190.79,46.86,0.00,1.00
-99.55,-51.11,0.00,1.00
-103.05,-45.12,0.00,1.00
133.42,-102.15,0.00,1.00
-64.18,37.83,0.00,1.00
-128.40,-33.31,0.00,1.00
80.95,93.60,0.00,1.00
-145.94,-86.05,0.00,1.00
57.41,26.24,0.00,1.00
-201.89,21.48,0.00,1.00
-66.40,-83.96,0.00,1.00
-110.42,-39.39,0.00,1.00
-34.42,-134.74,0.00,1.00
-182.51,51.56,0.00,1.00
-14.54,213.54,0.00,1.00
153.23,-1.52,0.00,1.00
-16.24,-204.47,0.00,1.00
-6.39,217.62,0.00,1.00
-46.84,-116.20,0.00,1.00
85.22,-114.76,0.00,1.00
125.90,-117.05,0.00,1.00
-24.60,-208.87,0.00,1.00
-127.48,-42.06,0.00,1.00
134.59,6.15,0.00,1.00
51.30,34.68,0.00,1.00
-130.62,-125.44,0.00,1.00
81.24,96.22,0.00,1.00
-17.27,168.03,0.00,1.00
-167.52,73.23,0.00,1.00
-85.22,68.43,0.00,1.00
129.95,-114.39,0.00,1.00
-114.78,12.56,0.00,1.00
148.77,-1.42,0.00,1.00
-20.78,-48.85,0.00,1.00
-175.90,-20.03,0.00,1.00
-120.30,-35.11,0.00,1.00
-79.90,-74.20,0.00,1.00
-132.23,-123.93,0.00,1.00
-99.24,-48.37,0.00,1.00
125.63,-72.65,0.00,1.00
-9.54,-180.26,0.00,1.00
-164.58,-28.49,0.00,1.00
-89.55,54.95,0.00,1.00
-88.84,56.20,0.00,1.00
90.98,99.40,0.00,1.00
146.23,3.68,0.00,1.00
-112.71,124.97,0.00,1.00
-107.50,-157.69,0.00,1.00
-118.62,121.38,0.00,1.00
-148.45,-41.67,0.00,1.00
-82.40,131.77,0.00,1.00
-17.82,-207.79,0.00,1.00
-58.94,42.57,0.00,1.00
-98.30,-48.27,0.00,1.00
-78.55,-74.26,0.00,1.00
151.57,-2.87,0.00,1.00
-126.11,-34.77,0.00,1.00
159.60,-1.11,0.00,1.00
-117.61,-31.35,0.00,1.00
-144.93,-100.80,0.00,1.00
-30.41,196.76,0.00,1.00
-118.40,-34.78,0.00,1.00
-126.27,-136.85,0.00,1.00
111.08,100.08,0.00,1.00
-104.62,21.68,0.00,1.00
-172.87,-23.88,0.00,1.00
-29.60,-138.60,0.00,1.00
132.68,-116.25,0.00,1.00
-29.27,190.10,0.00,1.00
56.06,23.23,0.00,1.00
-45.00,46.41,0.00,1.00
43.45,190.58,0.00,1.00
-28.08,-142.85,0.00,1.00
-197.69,40.07,0.00,1.00
164.36,6.45,0.00,1.00
-112.56,-26.83,0.00,1.00
-41.93,-120.79,0.00,1.00
57.22,21.01,0.00,1.00
-140.39,-48.87,0.00,1.00
46.60,22.83,0.00,1.00
133.15,4.85,0.00,1.00
-112.06,-26.42,0.00,1.00
153.54,-2.86,0.00,1.00
-81.70,-67.19,0.00,1.00
-200.26,32.14,0.00,1.00
-58.85,43.10,0.00,1.00
135.01,-112.51,0.00,1.00
80.95,98.93,0.00,1.00
156.26,90.62,0.00,1.00
83.81,100.67,0.00,1.00
-11.53,-208.34,0.00,1.00
-72.18,30.21,0.00,1.00
-89.43,-52.28,0.00,1.00
-65.93,130.83,0.00,1.00
-48.24,-20.82,0.00,1.00
57.41,19.88,0.00,1.00
4.36,-70.15,0.00,1.00
134.70,-107.60,0.00,1.00
180.01,74.41,0.00,1.00
-200.23,28.99,0.00,1.00
-108.21,-161.78,0.00,1.00
-202.16,32.77,0.00,1.00
-24.36,-212.12,0.00,1.00
-6.12,-185.47,0.00,1.00
-144.74,-92.87,0.00,1.00
184.92,77.35,0.00,1.00
53.52,12.75,0.00,1.00
-146.81,-64.27,0.00,1.00
-48.23,-95.55,0.00,1.00
36.36,16.36,0.00,1.00
-127.82,-137.35,0.00,1.00
-40.03,47.63,0.00,1.00
131.25,-122.21,0.00,1.00
-61.91,44.75,0.00,1.00
44.54,192.00,0.00,1.00
107.60,-124.01,0.00,1.00
183.08,75.94,0.00,1.00
143.01,-109.73,0.00,1.00
84.37,102.30,0.00,1.00
-107.72,15.01,0.00,1.00
-86.93,135.06,0.00,1.00
-61.80,-199.12,0.00,1.00
45.39,13.59,0.00,1.00
-76.61,-70.88,0.00,1.00
132.12,4.46,0.00,1.00
43.51,27.62,0.00,1.00
-82.55,39.31,0.00,1.00
-81.63,39.93,0.00,1.00
-148.55,-63.08,0.00,1.00
42.17,16.54,0.00,1.00
92.21,103.37,0.00,1.00
-58.35,46.21,0.00,1.00
54.17,47.95,0.00,1.00
-113.70,-6.58,0.00,1.00
43.54,32.37,0.00,1.00
-111.77,-157.37,0.00,1.00
179.52,65.22,0.00,1.00
-58.26,108.12,0.00,1.00
39.78,20.41,0.00,1.00
-97.29,24.66,0.00,1.00
177.03,89.93,0.00,1.00
187.75,81.41,0.00,1.00
-113.49,-10.78,0.00,1.00
-67.29,-196.16,0.00,1.00
-134.89,-127.70,0.00,1.00
-109.27,-160.77,0.00,1.00
28.88,165.04,0.00,1.00
-148.04,-94.39,0.00,1.00
-143.84,-55.50,0.00,1.00
137.46,-93.89,0.00,1.00
-204.22,1.85,0.00,1.00
-114.01,-160.88,0.00,1.00
-17.05,163.33,0.00,1.00
-67.30,52.03,0.00,1.00
-108.49,132.56,0.00,1.00
133.30,-122.66,0.00,1.00
-97.48,-178.69,0.00,1.00
-148.24,-94.14,0.00,1.00
161.79,-0.97,0.00,1.00
-39.36,-113.00,0.00,1.00
-202.27,-6.59,0.00,1.00
-66.19,55.44,0.00,1.00
-74.24,44.87,0.00,1.00
-74.69,23.69,0.00,1.00
36.24,24.67,0.00,1.00
45.20,184.35,0.00,1.00
-22.85,-217.26,0.00,1.00
184.38,71.83,0.00,1.00
123.13,93.47,0.00,1.00
-73.11,57.44,0.00,1.00
-51.78,47.98,0.00,1.00
-31.49,-126.04,0.00,1.00
189.32,73.54,0.00,1.00
-72.78,139.52,0.00,1.00
-63.65,45.68,0.00,1.00
-80.61,28.34,0.00,1.00
-12.09,-62.84,0.00,1.00
-85.06,-47.67,0.00,1.00
-107.55,-0.82,0.00,1.00
-4.56,-181.61,0.00,1.00
145.07,-104.34,0.00,1.00
-57.66,106.18,0.00,1.00
-43.98,-96.03,0.00,1.00
-27.44,-135.40,0.00,1.00
173.56,-1.76,0.00,1.00
91.06,112.52,0.00,1.00
-70.42,55.09,0.00,1.00
168.32,-1.73,0.00,1.00
-27.06,-131.61,0.00,1.00
44.97,179.74,0.00,1.00
81.15,-20.57,0.00,1.00
-53.47,126.22,0.00,1.00
86.38,105.39,0.00,1.00
-204.46,36.18,0.00,1.00
-65.71,137.68,0.00,1.00
-55.56,113.39,0.00,1.00
-18.36,45.10,0.00,1.00
-72.39,54.05,0.00,1.00
-28.25,-48.53,0.00,1.00
-20.55,163.03,0.00,1.00
-68.86,140.30,0.00,1.00
174.09,1.16,0.00,1.00
-90.70,-183.76,0.00,1.00
75.20,110.14,0.00,1.00
85.66,109.53,0.00,1.00
-73.79,18.63,0.00,1.00
21.43,30.66,0.00,1.00
189.28,72.50,0.00,1.00
69.40,104.85,0.00,1.00
-30.85,209.44,0.00,1.00
177.50,-7.98,0.00,1.00
-59.48,99.11,0.00,1.00
28.61,24.38,0.00,1.00
-37.66,188.66,0.00,1.00
-80.91,-50.17,0.00,1.00
-29.01,-49.12,0.00,1.00
177.42,-1.73,0.00,1.00
-152.56,-45.76,0.00,1.00
-69.19,-71.76,0.00,1.00
11.21,-76.57,0.00,1.00
-191.31,57.70,0.00,1.00
-75.94,60.82,0.00,1.00
-64.00,-76.94,0.00,1.00
80.71,112.62,0.00,1.00
-171.95,-32.27,0.00,1.00
68.23,109.72,0.00,1.00
-130.91,-145.01,0.00,1.00
164.68,-7.09,0.00,1.00
-115.82,129.01,0.00,1.00
161.03,-18.15,0.00,1.00
-43.93,-215.94,0.00,1.00
-73.48,-53.89,0.00,1.00
-51.35,114.49,0.00,1.00
-200.15,-16.23,0.00,1.00
174.95,5.62,0.00,1.00
-145.73,-118.93,0.00,1.00
167.69,-5.74,0.00,1.00
134.35,-127.96,0.00,1.00
-210.93,4.70,0.00,1.00
-205.99,-5.93,0.00,1.00
-35.18,-108.92,0.00,1.00
46.92,180.39,0.00,1.00
-151.37,-105.83,0.00,1.00
42.18,172.76,0.00,1.00
164.51,-8.00,0.00,1.00
-51.03,115.20,0.00,1.00
191.52,80.65,0.00,1.00
-146.33,-127.80,0.00,1.00
-44.40,119.06,0.00,1.00
156.52,-22.57,0.00,1.00
-155.36,-49.55,0.00,1.00
-148.27,-127.52,0.00,1.00
-157.60,-58.60,0.00,1.00
-210.44,2.14,0.00,1.00
-150.43,-113.66,0.00,1.00
-148.81,-128.55,0.00,1.00
34.05,36.47,0.00,1.00
-22.83,159.08,0.00,1.00
-52.58,129.96,0.00,1.00
196.06,74.15,0.00,1.00
-2.50,-208.24,0.00,1.00
-20.00,159.43,0.00,1.00
138.00,93.57,0.00,1.00
-19.62,-65.20,0.00,1.00
81.65,-19.68,0.00,1.00
-191.68,-27.33,0.00,1.00
199.02,85.85,0.00,1.00
64.52,59.19,0.00,1.00
-180.94,74.54,0.00,1.00
-0.11,-207.96,0.00,1.00
62.25,92.83,0.00,1.00
67.24,68.74,0.00,1.00
-153.42,-102.61,0.00,1.00
-104.65,-16.63,0.00,1.00
8.51,-188.92,0.00,1.00
-18.09,218.16,0.00,1.00
60.29,94.84,0.00,1.00
96.71,15.32,0.00,1.00
-211.18,28.23,0.00,1.00
19.22,154.79,0.00,1.00
-92.21,143.91,0.00,1.00
-87.51,-28.29,0.00,1.00
-54.66,59.53,0.00,1.00
-69.37,-59.92,0.00,1.00
-149.70,-123.72,0.00,1.00
-48.60,-214.45,0.00,1.00
178.80,12.99,0.00,1.00
194.66,96.07,0.00,1.00
-126.58,-158.46,0.00,1.00
-47.93,-84.37,0.00,1.00
174.89,-19.97,0.00,1.00
51.46,204.59,0.00,1.00
-57.72,137.51,0.00,1.00
9.31,-195.24,0.00,1.00
183.80,95.65,0.00,1.00
-55.28,97.62,0.00,1.00
-8.63,-69.31,0.00,1.00
-80.82,-39.78,0.00,1.00
200.33,96.20,0.00,1.00
-49.78,-79.56,0.00,1.00
-171.99,-42.26,0.00,1.00
208.86,87.72,0.00,1.00
-42.91,100.97,0.00,1.00
-26.25,218.83,0.00,1.00
153.76,-102.76,0.00,1.00
73.06,117.93,0.00,1.00
182.91,-21.85,0.00,1.00
-34.51,-47.94,0.00,1.00
-15.70,153.42,0.00,1.00
191.84,95.39,0.00,1.00
120.02,3.15,0.00,1.00
199.74,94.47,0.00,1.00
-211.44,40.43,0.00,1.00
-11.12,99.31,0.00,1.00
-67.92,74.49,0.00,1.00
-86.75,11.81,0.00,1.00
107.23,-133.15,0.00,1.00
-45.85,-219.23,0.00,1.00
199.67,1.68,0.00,1.00
-91.46,15.18,0.00,1.00
-123.11,130.80,0.00,1.00
-168.57,-38.16,0.00,1.00
188.27,11.94,0.00,1.00
-171.23,-43.64,0.00,1.00
-106.30,-181.53,0.00,1.00
147.97,-131.48,0.00,1.00
-30.27,96.05,0.00,1.00
-7.47,101.96,0.00,1.00
149.41,-127.30,0.00,1.00
-103.91,-10.56,0.00,1.00
-87.94,-191.89,0.00,1.00
-9.50,98.87,0.00,1.00
148.05,-84.89,0.00,1.00
134.17,-13.06,0.00,1.00
-23.54,106.51,0.00,1.00
143.21,150.78,0.00,1.00
151.01,-127.53,0.00,1.00
-169.20,-42.26,0.00,1.00
-40.94,103.09,0.00,1.00
-85.97,7.75,0.00,1.00
-41.30,101.95,0.00,1.00
146.54,-21.31,0.00,1.00
152.07,164.88,0.00,1.00
174.71,22.96,0.00,1.00
-80.69,-35.41,0.00,1.00
60.39,-117.11,0.00,1.00
-28.42,110.42,0.00,1.00
38.08,-139.84,0.00,1.00
-163.54,-112.30,0.00,1.00
134.52,-135.29,0.00,1.00
-89.38,-191.05,0.00,1.00
-97.54,148.33,0.00,1.00
5.90,90.72,0.00,1.00
174.97,102.94,0.00,1.00
116.82,152.22,0.00,1.00
91.11,145.66,0.00,1.00
133.43,-184.33,0.00,1.00
-32.39,-64.48,0.00,1.00
-49.45,-35.06,0.00,1.00
48.65,213.56,0.00,1.00
3.02,-86.47,0.00,1.00
-9.10,109.17,0.00,1.00
-214.08,48.70,0.00,1.00
-16.63,87.40,0.00,1.00
5.09,-207.00,0.00,1.00
-15.58,-141.07,0.00,1.00
200.31,-6.87,0.00,1.00
-87.67,-5.60,0.00,1.00
-169.20,-62.19,0.00,1.00
152.72,167.47,0.00,1.00
32.46,50.71,0.00,1.00
202.76,103.11,0.00,1.00
141.32,-193.56,0.00,1.00
-155.26,-130.21,0.00,1.00
-49.95,138.92,0.00,1.00
110.95,-188.57,0.00,1.00
-94.09,11.02,0.00,1.00
123.90,-137.59,0.00,1.00
-10.56,92.17,0.00,1.00
53.36,119.19,0.00,1.00
36.32,-96.70,0.00,1.00
4.43,-176.89,0.00,1.00
-10.62,-222.50,0.00,1.00
64.21,199.30,0.00,1.00
-91.97,-12.88,0.00,1.00
-53.71,142.64,0.00,1.00
16.01,94.21,0.00,1.00
127.16,-206.15,0.00,1.00
12.37,44.94,0.00,1.00
97.79,-208.23,0.00,1.00
75.01,128.50,0.00,1.00
123.86,-201.24,0.00,1.00
41.80,109.32,0.00,1.00
169.15,175.25,0.00,1.00
164.55,-98.91,0.00,1.00
113.25,-197.03,0.00,1.00
124.22,-191.69,0.00,1.00
-35.65,-67.28,0.00,1.00
-203.79,-21.63,0.00,1.00
9.43,149.62,0.00,1.00
-2.16,117.28,0.00,1.00
-1.25,103.32,0.00,1.00
144.78,-196.40,0.00,1.00
160.91,183.02,0.00,1.00
118.35,143.05,0.00,1.00
117.27,-198.74,0.00,1.00
137.94,148.32,0.00,1.00
-113.52,-183.46,0.00,1.00
49.08,-137.72,0.00,1.00
16.41,-211.02,0.00,1.00
211.39,-1.22,0.00,1.00
168.25,-119.12,0.00,1.00
-159.55,-87.81,0.00,1.00
157.19,-135.13,0.00,1.00
-45.82,139.80,0.00,1.00
-17.13,80.63,0.00,1.00
40.16,103.69,0.00,1.00
200.51,-8.09,0.00,1.00
137.76,151.77,0.00,1.00
1.35,87.74,0.00,1.00
119.60,142.90,0.00,1.00
35.66,-101.79,0.00,1.00
150.04,-174.85,0.00,1.00
-61.16,156.99,0.00,1.00
-89.31,209.42,0.00,1.00
119.17,-206.37,0.00,1.00
157.93,-173.52,0.00,1.00
-24.00,-101.08,0.00,1.00
113.81,-200.14,0.00,1.00
-168.63,-65.25,0.00,1.00
213.90,-159.44,0.00,1.00
-120.97,-174.40,0.00,1.00
78.63,205.92,0.00,1.00
101.81,213.19,0.00,1.00
221.63,97.15,0.00,1.00
160.07,-135.25,0.00,1.00
124.29,161.39,0.00,1.00
-92.04,213.68,0.00,1.00
-88.75,-21.94,0.00,1.00
-181.64,85.92,0.00,1.00
195.00,-16.44,0.00,1.00
-56.78,-215.88,0.00,1.00
82.25,210.43,0.00,1.00
-1.27,-105.63,0.00,1.00
156.97,170.17,0.00,1.00
171.75,172.35,0.00,1.00
-17.05,116.14,0.00,1.00
199.74,-103.12,0.00,1.00
41.57,162.78,0.00,1.00
221.11,99.31,0.00,1.00
124.76,-54.32,0.00,1.00
207.38,110.80,0.00,1.00
-133.18,129.35,0.00,1.00
-70.09,-22.91,0.00,1.00
67.34,138.24,0.00,1.00
166.25,161.98,0.00,1.00
109.75,158.65,0.00,1.00
26.50,-136.06,0.00,1.00
164.96,-35.30,0.00,1.00
26.75,51.01,0.00,1.00
10.88,129.67,0.00,1.00
164.12,-95.39,0.00,1.00
-21.50,-91.69,0.00,1.00
140.91,-180.29,0.00,1.00
171.47,102.62,0.00,1.00
11.03,-108.03,0.00,1.00
-29.82,148.02,0.00,1.00
106.40,214.38,0.00,1.00
19.31,65.64,0.00,1.00
16.07,41.65,0.00,1.00
81.84,197.50,0.00,1.00
-7.94,138.38,0.00,1.00
5.81,119.64,0.00,1.00
72.82,217.51,0.00,1.00
92.21,-205.47,0.00,1.00
-29.67,-80.77,0.00,1.00
-85.16,-13.75,0.00,1.00
72.31,207.14,0.00,1.00
-62.13,-25.16,0.00,1.00
77.17,-10.21,0.00,1.00
-42.19,-73.55,0.00,1.00
69.72,214.73,0.00,1.00
-102.56,218.36,0.00,1.00
95.05,151.48,0.00,1.00
-76.47,158.00,0.00,1.00
14.34,150.76,0.00,1.00
195.43,-117.47,0.00,1.00
65.91,138.89,0.00,1.00
159.30,-173.60,0.00,1.00
-97.45,-195.04,0.00,1.00
167.48,-189.25,0.00,1.00
158.38,-182.45,0.00,1.00
61.77,208.40,0.00,1.00
162.85,156.69,0.00,1.00
-215.22,51.24,0.00,1.00
-6.03,77.03,0.00,1.00
168.60,-120.70,0.00,1.00
67.39,134.73,0.00,1.00
133.69,168.12,0.00,1.00
-47.40,87.32,0.00,1.00
-4.96,-93.20,0.00,1.00
41.59,-119.35,0.00,1.00
-12.72,-99.59,0.00,1.00
3.50,-104.01,0.00,1.00
70.03,156.52,0.00,1.00
98.00,-144.28,0.00,1.00
0.03,126.88,0.00,1.00
173.64,-191.95,0.00,1.00
220.51,-11.01,0.00,1.00
205.88,-173.31,0.00,1.00
-184.68,-59.72,0.00,1.00
42.14,58.40,0.00,1.00
-98.50,159.83,0.00,1.00
-87.08,171.74,0.00,1.00
-65.65,186.32,0.00,1.00
52.23,142.93,0.00,1.00
115.15,-203.24,0.00,1.00
210.94,-185.74,0.00,1.00
7.97,-104.30,0.00,1.00
-110.46,215.02,0.00,1.00
-158.94,-197.28,0.00,1.00
129.57,154.20,0.00,1.00
203.11,-170.54,0.00,1.00
38.24,99.83,0.00,1.00
-111.22,157.63,0.00,1.00
-83.59,219.84,0.00,1.00
37.33,-160.95,0.00,1.00
218.25,-112.77,0.00,1.00
96.75,195.54,0.00,1.00
84.89,141.45,0.00,1.00
72.58,145.01,0.00,1.00
25.58,-200.87,0.00,1.00
45.23,161.34,0.00,1.00
49.78,-117.34,0.00,1.00
40.03,97.34,0.00,1.00
31.29,91.16,0.00,1.00
-72.11,208.07,0.00,1.00
3.90,132.59,0.00,1.00
175.43,-202.11,0.00,1.00
155.21,188.62,0.00,1.00
0.58,51.65,0.00,1.00
222.22,-3.46,0.00,1.00
192.76,-99.59,0.00,1.00
19.13,-120.82,0.00,1.00
199.83,-109.76,0.00,1.00
-17.09,142.99,0.00,1.00
-46.38,169.76,0.00,1.00
84.71,221.71,0.00,1.00
-109.98,220.50,0.00,1.00
180.91,-111.26,0.00,1.00
-206.87,-28.01,0.00,1.00
-5.39,-98.92,0.00,1.00
166.06,159.55,0.00,1.00
-20.94,-227.59,0.00,1.00
-65.47,205.47,0.00,1.00
-137.80,-154.95,0.00,1.00
53.26,148.94,0.00,1.00
-37.30,82.77,0.00,1.00
11.74,53.95,0.00,1.00
-48.69,-49.50,0.00,1.00
103.63,199.63,0.00,1.00
29.55,-180.75,0.00,1.00
64.36,0.31,0.00,1.00
45.60,88.18,0.00,1.00
170.79,-93.29,0.00,1.00
-225.29,-14.21,0.00,1.00
-176.68,-210.39,0.00,1.00
-92.85,224.52,0.00,1.00
33.84,-158.98,0.00,1.00
146.31,-34.87,0.00,1.00
207.22,-89.70,0.00,1.00
180.88,-131.71,0.00,1.00
219.41,-94.99,0.00,1.00
-80.50,211.69,0.00,1.00
199.24,-161.07,0.00,1.00
217.58,112.93,0.00,1.00
178.21,183.70,0.00,1.00
44.87,95.16,0.00,1.00
167.24,-40.58,0.00,1.00
-7.83,60.53,0.00,1.00
176.27,29.28,0.00,1.00
179.00,-175.24,0.00,1.00
22.59,74.11,0.00,1.00
-76.64,165.38,0.00,1.00
50.39,-126.31,0.00,1.00
179.04,191.16,0.00,1.00
26.73,120.90,0.00,1.00
29.69,115.61,0.00,1.00
185.31,-87.30,0.00,1.00
138.87,-74.80,0.00,1.00
190.22,-199.06,0.00,1.00
146.07,-209.64,0.00,1.00
173.53,-33.69,0.00,1.00
38.47,149.28,0.00,1.00
0.57,-127.98,0.00,1.00
159.02,-155.77,0.00,1.00
202.50,-149.84,0.00,1.00
106.31,137.03,0.00,1.00
-220.63,-2.82,0.00,1.00
24.91,-145.21,0.00,1.00
14.27,145.20,0.00,1.00
162.29,-145.84,0.00,1.00
-180.66,-224.31,0.00,1.00
192.57,-200.02,0.00,1.00
16.07,80.82,0.00,1.00
47.39,-125.16,0.00,1.00
-62.48,161.89,0.00,1.00
37.76,68.75,0.00,1.00
21.97,-154.52,0.00,1.00
154.76,108.52,0.00,1.00
212.57,13.50,0.00,1.00
109.79,-141.41,0.00,1.00
-104.81,179.11,0.00,1.00
145.45,-36.93,0.00,1.00
219.07,115.69,0.00,1.00
13.27,230.00,0.00,1.00
-123.77,156.08,0.00,1.00
205.31,132.60,0.00,1.00
58.33,-126.56,0.00,1.00
163.90,-178.96,0.00,1.00
1.86,-230.00,0.00,1.00
154.82,-210.28,0.00,1.00
-132.47,143.52,0.00,1.00
-171.72,-229.18,0.00,1.00
224.63,-166.23,0.00,1.00
192.46,-154.68,0.00,1.00
178.04,-84.10,0.00,1.00
118.96,198.92,0.00,1.00
57.07,-153.71,0.00,1.00
-197.81,-215.70,0.00,1.00
107.14,196.41,0.00,1.00
-193.44,88.71,0.00,1.00
-174.15,-131.53,0.00,1.00
-158.22,200.21,0.00,1.00
-106.72,199.26,0.00,1.00
117.16,-175.28,0.00,1.00
-168.60,196.81,0.00,1.00
216.28,-93.26,0.00,1.00
-170.96,-81.67,0.00,1.00
38.47,131.07,0.00,1.00
209.30,-118.94,0.00,1.00
-58.75,187.13,0.00,1.00
168.03,-153.69,0.00,1.00
90.26,-187.70,0.00,1.00
104.17,134.32,0.00,1.00
13.82,-133.35,0.00,1.00
56.98,220.66,0.00,1.00
-69.93,188.98,0.00,1.00
-214.99,-117.08,0.00,1.00
-190.32,80.29,0.00,1.00
-154.65,-219.38,0.00,1.00
58.75,-171.65,0.00,1.00
164.20,197.58,0.00,1.00
-212.26,-30.49,0.00,1.00
10.31,-114.35,0.00,1.00
189.41,-32.75,0.00,1.00
157.79,146.20,0.00,1.00
-221.97,48.38,0.00,1.00
-176.62,95.86,0.00,1.00
-71.75,-216.17,0.00,1.00
-160.82,-145.07,0.00,1.00
-7.19,58.60,0.00,1.00
-114.66,219.75,0.00,1.00
153.10,107.09,0.00,1.00
203.57,17.69,0.00,1.00
194.66,-37.74,0.00,1.00
-191.26,91.88,0.00,1.00
-16.73,-229.03,0.00,1.00
125.63,-11.96,0.00,1.00
54.21,-150.28,0.00,1.00
198.75,-145.36,0.00,1.00
-177.61,-182.10,0.00,1.00
207.23,121.05,0.00,1.00
-144.28,198.89,0.00,1.00
-215.09,-41.66,0.00,1.00
185.73,173.58,0.00,1.00
-168.58,208.75,0.00,1.00
-48.85,209.14,0.00,1.00
225.31,-19.39,0.00,1.00
176.24,31.97,0.00,1.00
160.18,196.97,0.00,1.00
-172.98,-207.34,0.00,1.00
120.13,-36.94,0.00,1.00
-61.84,201.04,0.00,1.00
219.62,-33.38,0.00,1.00
-208.37,-120.09,0.00,1.00
151.31,-158.07,0.00,1.00
-188.19,-73.43,0.00,1.00
221.42,-173.85,0.00,1.00
-202.86,-121.48,0.00,1.00
220.61,-130.69,0.00,1.00
223.59,-16.55,0.00,1.00
194.91,35.02,0.00,1.00
155.00,-210.87,0.00,1.00
215.06,-118.08,0.00,1.00
-181.91,-163.55,0.00,1.00
-106.29,155.19,0.00,1.00
176.55,-80.49,0.00,1.00
-49.52,166.00,0.00,1.00
137.25,-36.59,0.00,1.00
-201.80,74.15,0.00,1.00
-82.93,183.89,0.00,1.00
104.97,-147.14,0.00,1.00
129.48,213.78,0.00,1.00
-144.97,-193.76,0.00,1.00
52.66,-150.26,0.00,1.00
-199.40,-180.48,0.00,1.00
-227.20,-121.32,0.00,1.00
39.12,-202.10,0.00,1.00
200.76,-195.84,0.00,1.00
-192.88,-226.30,0.00,1.00
-206.68,102.00,0.00,1.00
18.33,-139.65,0.00,1.00
-130.44,217.17,0.00,1.00
-107.50,203.07,0.00,1.00
-74.31,222.94,0.00,1.00
222.94,-94.92,0.00,1.00
-226.40,-133.59,0.00,1.00
-173.43,-181.27,0.00,1.00
-89.73,174.14,0.00,1.00
-212.30,-125.44,0.00,1.00
85.46,-188.84,0.00,1.00
28.59,-215.91,0.00,1.00
107.82,124.57,0.00,1.00
-205.84,-57.08,0.00,1.00
230.00,-175.50,0.00,1.00
-215.46,-48.61,0.00,1.00
-215.10,-44.94,0.00,1.00
227.83,9.54,0.00,1.00
-190.10,-157.88,0.00,1.00
-229.38,-131.04,0.00,1.00
191.71,-134.06,0.00,1.00
-157.00,193.95,0.00,1.00
133.93,-159.07,0.00,1.00
106.75,224.08,0.00,1.00
-142.82,198.37,0.00,1.00
-179.60,-76.48,0.00,1.00
-125.74,-193.94,0.00,1.00
17.26,-226.83,0.00,1.00
50.74,65.67,0.00,1.00
216.86,15.96,0.00,1.00
107.05,222.67,0.00,1.00
76.98,-129.80,0.00,1.00
-121.81,-200.52,0.00,1.00
-165.09,-182.62,0.00,1.00
130.96,213.96,0.00,1.00
157.11,205.23,0.00,1.00
-144.00,-229.81,0.00,1.00
35.25,-192.11,0.00,1.00
-159.65,-180.99,0.00,1.00
-165.67,-151.83,0.00,1.00
120.25,187.95,0.00,1.00
31.85,-218.89,0.00,1.00
220.67,-143.59,0.00,1.00
166.29,-218.42,0.00,1.00
-226.51,-141.11,0.00,1.00
104.76,174.24,0.00,1.00
228.25,-115.72,0.00,1.00
-153.91,-180.69,0.00,1.00
-207.74,-157.52,0.00,1.00
17.91,-162.54,0.00,1.00
206.54,-193.78,0.00,1.00
-178.84,-206.55,0.00,1.00
76.24,-178.80,0.00,1.00
227.80,-145.99,0.00,1.00
-205.25,-176.61,0.00,1.00
-22.62,71.32,0.00,1.00
58.69,-193.55,0.00,1.00
-166.09,110.20,0.00,1.00
-188.56,-159.89,0.00,1.00
225.25,78.44,0.00,1.00
100.44,164.37,0.00,1.00
-203.74,-58.93,0.00,1.00
102.65,-163.05,0.00,1.00
-192.45,-229.06,0.00,1.00
217.84,-41.02,0.00,1.00
-139.57,-160.71,0.00,1.00
111.68,-163.05,0.00,1.00
161.98,111.22,0.00,1.00
-186.22,103.49,0.00,1.00
160.96,-219.27,0.00,1.00
227.05,131.25,0.00,1.00
227.19,-139.54,0.00,1.00
-155.15,121.99,0.00,1.00
-129.76,170.49,0.00,1.00
-223.46,108.96,0.00,1.00
-178.37,-128.66,0.00,1.00
180.93,38.64,0.00,1.00
-217.42,105.03,0.00,1.00
214.05,-75.18,0.00,1.00
-127.20,174.19,0.00,1.00
163.13,118.16,0.00,1.00
-228.35,97.72,0.00,1.00
-136.04,-225.71,0.00,1.00
181.93,40.90,0.00,1.00
-225.83,117.83,0.00,1.00
-134.26,159.84,0.00,1.00
-209.71,-228.94,0.00,1.00
-171.60,187.85,0.00,1.00
179.39,-66.89,0.00,1.00
-210.03,-200.89,0.00,1.00
205.25,-197.50,0.00,1.00
146.91,212.51,0.00,1.00
193.63,-218.73,0.00,1.00
-200.35,-103.68,0.00,1.00
67.58,-186.19,0.00,1.00
83.17,-163.65,0.00,1.00
24.39,-228.40,0.00,1.00
82.29,-146.62,0.00,1.00
-183.62,208.40,0.00,1.00
85.11,-224.90,0.00,1.00
195.93,139.32,0.00,1.00
133.02,115.95,0.00,1.00
226.26,-39.35,0.00,1.00
-220.03,67.21,0.00,1.00
218.42,146.32,0.00,1.00
-143.07,218.68,0.00,1.00
199.68,-53.66,0.00,1.00
-216.65,217.17,0.00,1.00
-147.36,135.11,0.00,1.00
-216.23,-155.61,0.00,1.00
-190.39,209.27,0.00,1.00
228.60,89.61,0.00,1.00
-228.10,120.48,0.00,1.00
-147.83,-219.35,0.00,1.00
-126.57,-199.52,0.00,1.00
-230.00,20.96,0.00,1.00
228.91,-44.87,0.00,1.00
76.16,-212.41,0.00,1.00
-210.85,-182.22,0.00,1.00
171.64,-65.38,0.00,1.00
-221.79,-98.49,0.00,1.00
-221.85,199.20,0.00,1.00
-223.54,213.04,0.00,1.00
201.60,-223.01,0.00,1.00
-116.65,-228.18,0.00,1.00
-79.25,-224.42,0.00,1.00
-117.51,-229.34,0.00,1.00
-225.99,216.09,0.00,1.00
109.52,-14.73,0.00,1.00
-227.84,-212.61,0.00,1.00
-228.06,-215.66,0.00,1.00
194.19,144.66,0.00,1.00
215.81,47.41,0.00,1.00
105.02,-229.51,0.00,1.00
226.25,-214.69,0.00,1.00
-84.35,-229.39,0.00,1.00
227.87,63.20,0.00,1.00
221.13,-70.40,0.00,1.00
-196.71,-98.65,0.00,1.00
228.27,-222.51,0.00,1.00
-224.92,149.96,0.00,1.00
200.84,216.86,0.00,1.00
216.02,219.67,0.00,1.00
-222.05,147.91,0.00,1.00
218.01,170.25,0.00,1.00
170.94,226.19,0.00,1.00
-199.98,181.08,0.00,1.00
-174.64,164.37,0.00,1.00
-185.21,130.13,0.00,1.00
