121.33,8.68,0.00,1.00
123.29,7.37,0.00,1.00
121.17,8.82,0.00,1.00
117.91,3.76,0.00,1.00
122.91,9.89,0.00,1.00
124.49,6.70,0.00,1.00
122.89,5.36,0.00,1.00
120.72,8.97,0.00,1.00
120.31,2.85,0.00,1.00
121.44,7.85,0.00,1.00
-218.11,63.43,0.00,1.00
-215.14,63.25,0.00,1.00
-216.06,63.25,0.00,1.00
-213.82,63.35,0.00,1.00
-218.59,64.96,0.00,1.00
-217.17,64.26,0.00,1.00
-215.26,68.15,0.00,1.00
-217.16,65.82,0.00,1.00
-217.51,63.87,0.00,1.00
-215.34,62.34,0.00,1.00
-11.91,-228.58,0.00,1.00
-11.02,-225.75,0.00,1.00
-14.13,-226.69,0.00,1.00
-11.45,-224.02,0.00,1.00
-12.29,-228.47,0.00,1.00
-15.97,-227.84,0.00,1.00
-12.42,-227.24,0.00,1.00
-10.05,-228.82,0.00,1.00
-12.75,-225.75,0.00,1.00
-12.20,-222.07,0.00,1.00
-51.75,-23.07,0.00,1.00
-52.66,-25.96,0.00,1.00
-54.34,-26.08,0.00,1.00
-49.92,-25.49,0.00,1.00
-49.13,-22.25,0.00,1.00
-49.65,-28.41,0.00,1.00
-50.99,-23.73,0.00,1.00
-52.87,-26.50,0.00,1.00
-51.71,-26.97,0.00,1.00
-52.17,-23.87,0.00,1.00
80.08,-44.99,0.00,1.00
76.26,-44.25,0.00,1.00
78.37,-45.13,0.00,1.00
79.89,-38.55,0.00,1.00
80.68,-39.99,0.00,1.00
81.96,-40.96,0.00,1.00
82.48,-42.30,0.00,1.00
80.94,-40.51,0.00,1.00
75.37,-41.80,0.00,1.00
79.50,-37.77,0.00,1.00
6.22,43.26,0.00,1.00
13.24,38.47,0.00,1.00
7.45,42.39,0.00,1.00
10.70,42.66,0.00,1.00
12.53,40.95,0.00,1.00
11.78,43.44,0.00,1.00
7.91,39.01,0.00,1.00
7.51,41.45,0.00,1.00
7.86,41.89,0.00,1.00
9.83,42.93,0.00,1.00
70.14,23.60,0.00,1.00
71.25,28.04,0.00,1.00
73.10,25.87,0.00,1.00
72.86,24.06,0.00,1.00
72.80,23.91,0.00,1.00
71.58,25.81,0.00,1.00
71.90,24.31,0.00,1.00
69.29,26.92,0.00,1.00
69.90,26.53,0.00,1.00
71.71,24.80,0.00,1.00
93.23,-145.19,0.00,1.00
94.97,-141.50,0.00,1.00
96.53,-143.74,0.00,1.00
93.81,-144.41,0.00,1.00
93.60,-142.30,0.00,1.00
93.34,-143.33,0.00,1.00
91.01,-145.33,0.00,1.00
92.21,-143.40,0.00,1.00
95.47,-144.83,0.00,1.00
93.88,-145.06,0.00,1.00
-83.45,159.58,0.00,1.00
-84.81,161.65,0.00,1.00
-83.85,159.96,0.00,1.00
-82.64,160.27,0.00,1.00
-80.95,162.57,0.00,1.00
-84.09,159.63,0.00,1.00
-81.10,157.31,0.00,1.00
-85.23,160.36,0.00,1.00
-79.57,158.47,0.00,1.00
-80.12,158.40,0.00,1.00
-166.56,234.59,0.00,1.00
-169.69,234.52,0.00,1.00
-164.30,237.61,0.00,1.00
-165.19,236.85,0.00,1.00
-165.61,238.23,0.00,1.00
-164.75,237.17,0.00,1.00
-166.20,237.44,0.00,1.00
-166.11,234.70,0.00,1.00
-167.86,235.53,0.00,1.00
-167.91,237.48,0.00,1.00
174.42,140.78,0.00,1.00
176.52,144.44,0.00,1.00
173.43,139.58,0.00,1.00
178.28,137.75,0.00,1.00
176.94,141.92,0.00,1.00
175.66,139.58,0.00,1.00
176.02,140.00,0.00,1.00
176.53,144.27,0.00,1.00
175.77,143.45,0.00,1.00
172.10,140.36,0.00,1.00
-134.68,76.81,0.00,1.00
-136.13,78.57,0.00,1.00
-134.24,71.17,0.00,1.00
-134.02,72.60,0.00,1.00
-138.48,70.01,0.00,1.00
-131.76,73.15,0.00,1.00
-137.07,73.21,0.00,1.00
-134.39,73.85,0.00,1.00
-135.22,71.15,0.00,1.00
-133.85,73.30,0.00,1.00
163.00,-41.87,0.00,1.00
161.80,-39.77,0.00,1.00
162.73,-41.67,0.00,1.00
163.21,-40.25,0.00,1.00
165.76,-41.18,0.00,1.00
162.34,-41.78,0.00,1.00
163.01,-42.42,0.00,1.00
165.19,-41.15,0.00,1.00
163.22,-40.39,0.00,1.00
162.48,-41.09,0.00,1.00
-105.68,-232.58,0.00,1.00
-104.63,-230.96,0.00,1.00
-106.29,-229.24,0.00,1.00
-101.18,-231.42,0.00,1.00
-107.78,-231.14,0.00,1.00
-102.93,-229.65,0.00,1.00
-102.22,-230.41,0.00,1.00
-101.87,-229.78,0.00,1.00
-102.70,-230.26,0.00,1.00
-106.20,-230.29,0.00,1.00
52.88,-210.14,0.00,1.00
53.53,-203.95,0.00,1.00
55.53,-205.38,0.00,1.00
50.49,-203.62,0.00,1.00
51.77,-206.19,0.00,1.00
54.79,-208.13,0.00,1.00
51.24,-206.65,0.00,1.00
51.26,-207.50,0.00,1.00
53.24,-209.56,0.00,1.00
48.79,-208.68,0.00,1.00
-211.89,-124.81,0.00,1.00
-211.22,-128.75,0.00,1.00
-215.12,-128.60,0.00,1.00
-213.66,-125.50,0.00,1.00
-214.67,-126.91,0.00,1.00
-214.74,-124.53,0.00,1.00
-210.28,-126.51,0.00,1.00
-215.82,-125.98,0.00,1.00
-210.20,-129.29,0.00,1.00
-211.59,-126.62,0.00,1.00
73.34,-113.48,0.00,1.00
73.56,-115.82,0.00,1.00
75.53,-111.29,0.00,1.00
74.41,-116.69,0.00,1.00
76.33,-115.07,0.00,1.00
77.30,-111.07,0.00,1.00
77.53,-116.23,0.00,1.00
75.95,-113.22,0.00,1.00
77.79,-114.81,0.00,1.00
72.85,-110.57,0.00,1.00
-188.93,-146.00,0.00,1.00
-190.84,-147.70,0.00,1.00
-189.56,-145.88,0.00,1.00
-189.82,-149.48,0.00,1.00
-188.79,-142.74,0.00,1.00
-188.49,-146.61,0.00,1.00
-187.56,-143.73,0.00,1.00
-190.32,-147.15,0.00,1.00
-193.45,-147.89,0.00,1.00
-188.02,-147.13,0.00,1.00
-243.88,-235.96,0.00,1.00
-242.78,-234.91,0.00,1.00
-236.67,-241.57,0.00,1.00
-237.72,-234.75,0.00,1.00
-240.48,-233.95,0.00,1.00
-239.32,-235.76,0.00,1.00
-238.65,-240.15,0.00,1.00
-240.22,-241.71,0.00,1.00
-240.90,-236.93,0.00,1.00
-238.45,-239.09,0.00,1.00
-173.67,-145.24,0.00,1.00
-173.55,-145.01,0.00,1.00
-172.03,-142.15,0.00,1.00
-177.45,-143.03,0.00,1.00
-173.14,-145.17,0.00,1.00
-173.30,-144.79,0.00,1.00
-174.21,-148.06,0.00,1.00
-175.19,-148.50,0.00,1.00
-175.75,-150.39,0.00,1.00
-171.48,-147.88,0.00,1.00
94.49,-49.60,0.00,1.00
98.69,-53.95,0.00,1.00
96.40,-49.91,0.00,1.00
96.65,-48.52,0.00,1.00
96.47,-49.42,0.00,1.00
98.37,-47.93,0.00,1.00
91.42,-48.65,0.00,1.00
95.81,-48.24,0.00,1.00
95.54,-50.66,0.00,1.00
96.18,-48.20,0.00,1.00
196.90,-71.19,0.00,1.00
195.09,-69.86,0.00,1.00
196.85,-71.10,0.00,1.00
194.71,-71.23,0.00,1.00
194.15,-69.61,0.00,1.00
200.19,-69.20,0.00,1.00
197.88,-74.50,0.00,1.00
201.42,-73.45,0.00,1.00
195.93,-71.57,0.00,1.00
193.35,-68.27,0.00,1.00
-150.29,-177.35,0.00,1.00
-147.97,-178.07,0.00,1.00
-149.99,-177.61,0.00,1.00
-149.93,-176.03,0.00,1.00
-149.93,-178.59,0.00,1.00
-150.98,-174.18,0.00,1.00
-145.77,-176.03,0.00,1.00
-148.22,-177.21,0.00,1.00
-147.12,-179.62,0.00,1.00
-149.01,-174.94,0.00,1.00
103.63,-106.90,0.00,1.00
109.91,-106.52,0.00,1.00
104.40,-104.46,0.00,1.00
101.47,-108.29,0.00,1.00
105.08,-104.08,0.00,1.00
105.74,-105.82,0.00,1.00
104.89,-104.37,0.00,1.00
105.08,-101.94,0.00,1.00
102.43,-105.31,0.00,1.00
103.77,-106.61,0.00,1.00
-123.01,-231.35,0.00,1.00
-121.73,-230.33,0.00,1.00
-126.10,-233.90,0.00,1.00
-122.05,-230.77,0.00,1.00
-125.27,-229.91,0.00,1.00
-123.68,-232.67,0.00,1.00
-126.29,-227.34,0.00,1.00
-124.94,-230.40,0.00,1.00
-121.27,-230.83,0.00,1.00
-125.00,-230.50,0.00,1.00
51.91,-149.46,0.00,1.00
48.91,-156.55,0.00,1.00
51.08,-152.29,0.00,1.00
55.11,-156.75,0.00,1.00
52.35,-155.50,0.00,1.00
53.18,-154.60,0.00,1.00
53.39,-156.57,0.00,1.00
52.98,-155.17,0.00,1.00
54.51,-156.22,0.00,1.00
48.08,-157.02,0.00,1.00
57.35,73.38,0.00,1.00
58.07,79.50,0.00,1.00
55.37,77.78,0.00,1.00
56.84,77.62,0.00,1.00
53.98,74.80,0.00,1.00
53.26,76.48,0.00,1.00
59.54,73.86,0.00,1.00
54.52,73.07,0.00,1.00
56.50,78.17,0.00,1.00
55.78,75.71,0.00,1.00
-17.50,57.00,0.00,1.00
-18.16,58.24,0.00,1.00
-14.81,57.51,0.00,1.00
-19.85,56.33,0.00,1.00
-18.03,56.44,0.00,1.00
-19.77,57.02,0.00,1.00
-21.05,57.69,0.00,1.00
-16.72,51.43,0.00,1.00
-19.41,56.53,0.00,1.00
-12.90,57.31,0.00,1.00
-82.65,-66.56,0.00,1.00
-80.38,-64.37,0.00,1.00
-86.42,-64.87,0.00,1.00
-84.29,-70.12,0.00,1.00
-81.72,-66.70,0.00,1.00
-79.85,-64.04,0.00,1.00
-80.55,-66.75,0.00,1.00
-85.09,-66.16,0.00,1.00
-80.21,-64.73,0.00,1.00
-78.53,-64.84,0.00,1.00
132.67,-12.75,0.00,1.00
131.42,-12.27,0.00,1.00
132.51,-14.09,0.00,1.00
134.19,-12.96,0.00,1.00
130.38,-12.51,0.00,1.00
133.48,-13.32,0.00,1.00
133.65,-12.74,0.00,1.00
133.33,-6.74,0.00,1.00
134.36,-12.89,0.00,1.00
133.14,-12.18,0.00,1.00
-211.29,-91.78,0.00,1.00
-211.64,-91.89,0.00,1.00
-211.47,-90.38,0.00,1.00
-213.97,-88.25,0.00,1.00
-208.57,-94.37,0.00,1.00
-210.57,-93.40,0.00,1.00
-210.92,-88.10,0.00,1.00
-212.22,-88.62,0.00,1.00
-212.60,-87.17,0.00,1.00
-211.92,-92.69,0.00,1.00
-212.22,225.44,0.00,1.00
-212.32,231.38,0.00,1.00
-210.61,230.20,0.00,1.00
-212.13,227.84,0.00,1.00
-212.94,229.09,0.00,1.00
-212.64,229.99,0.00,1.00
-208.57,226.90,0.00,1.00
-210.58,232.36,0.00,1.00
-212.66,229.80,0.00,1.00
-213.10,228.08,0.00,1.00
-148.08,-226.21,0.00,1.00
-144.91,-225.17,0.00,1.00
-146.76,-227.52,0.00,1.00
-140.46,-221.33,0.00,1.00
-148.69,-224.04,0.00,1.00
-144.77,-226.90,0.00,1.00
-143.47,-225.59,0.00,1.00
-145.13,-224.62,0.00,1.00
-147.40,-228.36,0.00,1.00
-142.83,-219.74,0.00,1.00
77.48,151.08,0.00,1.00
77.78,151.94,0.00,1.00
78.28,150.55,0.00,1.00
77.27,151.93,0.00,1.00
77.29,150.68,0.00,1.00
75.26,153.53,0.00,1.00
73.98,152.12,0.00,1.00
79.99,152.38,0.00,1.00
71.10,151.54,0.00,1.00
78.53,149.34,0.00,1.00
-140.04,55.13,0.00,1.00
-137.22,57.11,0.00,1.00
-138.59,56.13,0.00,1.00
-142.21,56.07,0.00,1.00
-142.88,52.34,0.00,1.00
-138.50,53.54,0.00,1.00
-141.91,52.24,0.00,1.00
-140.24,49.60,0.00,1.00
-138.81,54.80,0.00,1.00
-141.04,56.73,0.00,1.00
33.83,199.57,0.00,1.00
30.68,198.35,0.00,1.00
32.81,195.12,0.00,1.00
27.86,197.36,0.00,1.00
29.37,196.41,0.00,1.00
30.12,197.27,0.00,1.00
29.92,195.04,0.00,1.00
31.57,196.49,0.00,1.00
28.61,199.95,0.00,1.00
33.24,201.32,0.00,1.00
195.80,-5.90,0.00,1.00
192.48,-6.61,0.00,1.00
191.79,-5.31,0.00,1.00
189.90,-7.00,0.00,1.00
191.26,-2.97,0.00,1.00
192.61,-3.05,0.00,1.00
191.37,-4.68,0.00,1.00
193.75,-6.18,0.00,1.00
193.18,-2.72,0.00,1.00
190.40,-4.17,0.00,1.00
-152.92,0.21,0.00,1.00
-152.10,-0.38,0.00,1.00
-153.52,-0.81,0.00,1.00
-150.75,-0.37,0.00,1.00
-149.87,1.11,0.00,1.00
-155.86,0.16,0.00,1.00
-154.45,2.92,0.00,1.00
-153.20,-1.57,0.00,1.00
-152.08,4.07,0.00,1.00
-154.18,1.12,0.00,1.00
211.93,-29.66,0.00,1.00
216.68,-24.79,0.00,1.00
216.87,-29.74,0.00,1.00
216.23,-28.87,0.00,1.00
212.92,-28.95,0.00,1.00
216.01,-26.13,0.00,1.00
213.53,-31.94,0.00,1.00
216.30,-28.12,0.00,1.00
217.48,-30.98,0.00,1.00
214.31,-28.32,0.00,1.00
165.77,133.39,0.00,1.00
165.51,140.46,0.00,1.00
164.57,138.07,0.00,1.00
168.20,135.30,0.00,1.00
166.66,135.09,0.00,1.00
165.10,138.70,0.00,1.00
165.47,138.67,0.00,1.00
166.09,136.11,0.00,1.00
167.26,136.04,0.00,1.00
165.45,137.09,0.00,1.00
51.74,208.84,0.00,1.00
51.19,208.51,0.00,1.00
51.30,208.47,0.00,1.00
50.76,206.10,0.00,1.00
46.05,212.01,0.00,1.00
48.17,204.72,0.00,1.00
52.77,206.80,0.00,1.00
52.82,206.14,0.00,1.00
53.66,209.61,0.00,1.00
49.35,207.23,0.00,1.00
-176.52,-184.59,0.00,1.00
-178.17,-190.42,0.00,1.00
-173.57,-188.58,0.00,1.00
-173.25,-185.74,0.00,1.00
-172.02,-186.24,0.00,1.00
-177.44,-184.37,0.00,1.00
-175.45,-188.59,0.00,1.00
-171.18,-188.67,0.00,1.00
-172.77,-183.08,0.00,1.00
-173.54,-186.46,0.00,1.00
209.80,-59.96,0.00,1.00
209.76,-58.41,0.00,1.00
206.32,-59.60,0.00,1.00
208.64,-57.56,0.00,1.00
207.78,-60.58,0.00,1.00
205.94,-56.82,0.00,1.00
202.62,-58.35,0.00,1.00
208.04,-56.52,0.00,1.00
209.55,-60.16,0.00,1.00
208.52,-58.77,0.00,1.00
-117.12,46.41,0.00,1.00
-117.22,49.51,0.00,1.00
-108.83,44.51,0.00,1.00
-113.34,44.84,0.00,1.00
-113.64,45.81,0.00,1.00
-111.12,45.88,0.00,1.00
-115.11,47.51,0.00,1.00
-114.50,47.75,0.00,1.00
-116.14,45.74,0.00,1.00
-115.52,46.39,0.00,1.00
-231.24,204.28,0.00,1.00
-225.09,206.96,0.00,1.00
-228.54,209.05,0.00,1.00
-227.00,205.79,0.00,1.00
-228.58,206.40,0.00,1.00
-227.29,207.77,0.00,1.00
-229.79,207.86,0.00,1.00
-227.16,205.46,0.00,1.00
-229.53,207.51,0.00,1.00
-227.54,206.70,0.00,1.00
-60.81,189.37,0.00,1.00
-60.03,185.71,0.00,1.00
-61.44,184.98,0.00,1.00
-60.17,182.45,0.00,1.00
-61.78,188.11,0.00,1.00
-60.66,188.14,0.00,1.00
-61.95,186.23,0.00,1.00
-59.26,185.02,0.00,1.00
-58.19,188.10,0.00,1.00
-62.39,187.09,0.00,1.00
10.27,195.94,0.00,1.00
14.02,197.09,0.00,1.00
9.57,200.05,0.00,1.00
9.68,196.09,0.00,1.00
10.26,198.87,0.00,1.00
12.87,195.11,0.00,1.00
14.06,198.90,0.00,1.00
12.51,196.51,0.00,1.00
11.76,196.62,0.00,1.00
13.47,197.55,0.00,1.00
-222.02,-110.71,0.00,1.00
-223.32,-109.00,0.00,1.00
-224.84,-110.56,0.00,1.00
-231.51,-112.74,0.00,1.00
-224.01,-111.09,0.00,1.00
-227.08,-112.49,0.00,1.00
-223.68,-112.62,0.00,1.00
-223.97,-111.24,0.00,1.00
-225.16,-107.62,0.00,1.00
-221.37,-109.04,0.00,1.00
-182.20,-52.15,0.00,1.00
-183.28,-55.47,0.00,1.00
-182.99,-56.49,0.00,1.00
-181.60,-52.88,0.00,1.00
-182.63,-52.45,0.00,1.00
-181.21,-54.27,0.00,1.00
-186.05,-53.88,0.00,1.00
-179.14,-54.39,0.00,1.00
-181.86,-59.38,0.00,1.00
-181.27,-52.86,0.00,1.00
-104.60,-136.09,0.00,1.00
-104.09,-138.27,0.00,1.00
-107.05,-138.00,0.00,1.00
-108.08,-136.93,0.00,1.00
-109.58,-140.94,0.00,1.00
-107.79,-135.27,0.00,1.00
-110.69,-141.46,0.00,1.00
-107.05,-138.09,0.00,1.00
-107.87,-137.33,0.00,1.00
-109.72,-139.12,0.00,1.00
-36.68,-63.01,0.00,1.00
-37.06,-62.93,0.00,1.00
-39.45,-59.23,0.00,1.00
-40.55,-62.26,0.00,1.00
-40.10,-61.55,0.00,1.00
-40.76,-66.50,0.00,1.00
-36.90,-65.12,0.00,1.00
-36.21,-64.01,0.00,1.00
-37.74,-58.72,0.00,1.00
-41.28,-61.32,0.00,1.00
-192.95,46.82,0.00,1.00
-194.29,45.17,0.00,1.00
-197.40,39.15,0.00,1.00
-194.05,42.46,0.00,1.00
-193.34,43.06,0.00,1.00
-196.41,40.18,0.00,1.00
-192.40,46.07,0.00,1.00
-195.59,43.66,0.00,1.00
-193.56,40.38,0.00,1.00
-196.16,41.68,0.00,1.00
198.49,0.83,0.00,1.00
194.23,-2.27,0.00,1.00
193.98,-1.25,0.00,1.00
193.16,0.38,0.00,1.00
193.30,-0.34,0.00,1.00
191.11,1.60,0.00,1.00
190.29,0.96,0.00,1.00
197.15,-0.46,0.00,1.00
193.73,-4.71,0.00,1.00
193.61,0.31,0.00,1.00
201.07,-200.70,0.00,1.00
194.18,-200.73,0.00,1.00
194.52,-201.11,0.00,1.00
200.40,-199.39,0.00,1.00
200.73,-199.51,0.00,1.00
197.92,-199.60,0.00,1.00
197.30,-200.69,0.00,1.00
196.09,-201.71,0.00,1.00
196.62,-203.59,0.00,1.00
197.04,-198.17,0.00,1.00
-23.10,33.62,0.00,1.00
-21.89,32.26,0.00,1.00
-24.06,34.81,0.00,1.00
-22.57,31.78,0.00,1.00
-22.39,35.67,0.00,1.00
-27.49,31.79,0.00,1.00
-25.76,33.04,0.00,1.00
-23.23,34.57,0.00,1.00
-25.75,32.96,0.00,1.00
-24.43,32.00,0.00,1.00
-146.18,43.77,0.00,1.00
-146.31,43.02,0.00,1.00
-142.34,41.06,0.00,1.00
-148.52,38.46,0.00,1.00
-147.98,41.07,0.00,1.00
-148.07,41.67,0.00,1.00
-145.28,42.33,0.00,1.00
-145.64,43.28,0.00,1.00
-145.50,41.46,0.00,1.00
-142.35,41.60,0.00,1.00
133.16,165.05,0.00,1.00
132.86,163.06,0.00,1.00
134.14,163.34,0.00,1.00
134.56,164.56,0.00,1.00
132.36,166.41,0.00,1.00
134.08,161.92,0.00,1.00
138.46,162.48,0.00,1.00
134.72,162.40,0.00,1.00
137.41,167.80,0.00,1.00
131.90,163.81,0.00,1.00
122.17,-124.00,0.00,1.00
124.23,-123.98,0.00,1.00
126.67,-127.59,0.00,1.00
122.89,-125.48,0.00,1.00
125.07,-121.10,0.00,1.00
126.87,-126.01,0.00,1.00
124.55,-131.06,0.00,1.00
121.31,-126.49,0.00,1.00
124.27,-126.51,0.00,1.00
125.92,-128.87,0.00,1.00
-234.43,69.72,0.00,1.00
-230.63,69.82,0.00,1.00
-232.93,71.14,0.00,1.00
-231.39,71.52,0.00,1.00
-230.70,76.44,0.00,1.00
-229.31,74.84,0.00,1.00
-232.12,72.88,0.00,1.00
-233.56,71.46,0.00,1.00
-230.00,71.98,0.00,1.00
-235.56,75.49,0.00,1.00
-226.36,-166.48,0.00,1.00
-227.34,-165.90,0.00,1.00
-228.53,-165.06,0.00,1.00
-228.07,-167.32,0.00,1.00
-227.23,-166.23,0.00,1.00
-227.64,-166.15,0.00,1.00
-226.28,-167.02,0.00,1.00
-228.05,-165.31,0.00,1.00
-223.27,-163.79,0.00,1.00
-230.59,-166.21,0.00,1.00
-88.65,-164.35,0.00,1.00
-90.10,-160.80,0.00,1.00
-89.56,-167.08,0.00,1.00
-90.75,-160.02,0.00,1.00
-88.08,-161.54,0.00,1.00
-90.79,-164.23,0.00,1.00
-87.11,-164.83,0.00,1.00
-92.35,-163.90,0.00,1.00
-87.49,-166.64,0.00,1.00
-89.86,-164.84,0.00,1.00
124.95,144.64,0.00,1.00
122.99,145.11,0.00,1.00
122.09,142.12,0.00,1.00
122.43,145.36,0.00,1.00
124.90,144.51,0.00,1.00
123.07,143.97,0.00,1.00
125.90,143.64,0.00,1.00
122.58,144.09,0.00,1.00
123.18,148.71,0.00,1.00
119.97,143.74,0.00,1.00
-187.65,-155.35,0.00,1.00
-187.76,-161.11,0.00,1.00
-189.34,-158.27,0.00,1.00
-189.97,-161.90,0.00,1.00
-187.75,-156.49,0.00,1.00
-189.07,-159.25,0.00,1.00
-184.65,-158.40,0.00,1.00
-190.77,-156.48,0.00,1.00
-187.35,-158.58,0.00,1.00
-186.28,-154.84,0.00,1.00
33.20,-227.19,0.00,1.00
32.67,-231.21,0.00,1.00
31.22,-235.39,0.00,1.00
33.51,-231.68,0.00,1.00
34.37,-230.69,0.00,1.00
31.20,-234.15,0.00,1.00
33.99,-232.85,0.00,1.00
35.23,-236.30,0.00,1.00
35.82,-233.11,0.00,1.00
31.70,-234.42,0.00,1.00
-157.12,43.62,0.00,1.00
-156.17,43.49,0.00,1.00
-156.33,43.94,0.00,1.00
-152.64,41.57,0.00,1.00
-152.86,45.71,0.00,1.00
-156.40,43.17,0.00,1.00
-151.11,43.06,0.00,1.00
-154.15,44.46,0.00,1.00
-154.32,46.54,0.00,1.00
-151.13,39.30,0.00,1.00
-194.46,-73.21,0.00,1.00
-191.43,-72.04,0.00,1.00
-193.47,-74.62,0.00,1.00
-192.02,-73.74,0.00,1.00
-191.26,-71.06,0.00,1.00
-192.65,-72.56,0.00,1.00
-195.81,-75.03,0.00,1.00
-194.39,-71.74,0.00,1.00
-190.41,-80.52,0.00,1.00
-191.45,-73.48,0.00,1.00
-100.94,-106.64,0.00,1.00
-101.13,-108.38,0.00,1.00
-100.88,-109.90,0.00,1.00
-101.57,-110.05,0.00,1.00
-100.19,-108.22,0.00,1.00
-98.69,-109.39,0.00,1.00
-98.13,-108.13,0.00,1.00
-102.40,-103.03,0.00,1.00
-100.07,-104.34,0.00,1.00
-99.27,-109.02,0.00,1.00
104.03,70.67,0.00,1.00
104.54,64.06,0.00,1.00
103.81,66.39,0.00,1.00
107.46,67.01,0.00,1.00
100.22,66.16,0.00,1.00
104.16,67.29,0.00,1.00
102.93,67.63,0.00,1.00
101.81,66.01,0.00,1.00
103.12,70.19,0.00,1.00
98.75,66.82,0.00,1.00
10.30,-222.01,0.00,1.00
11.02,-220.79,0.00,1.00
7.90,-223.40,0.00,1.00
8.51,-224.03,0.00,1.00
8.84,-222.50,0.00,1.00
11.99,-221.28,0.00,1.00
9.49,-222.28,0.00,1.00
10.68,-220.80,0.00,1.00
6.55,-223.74,0.00,1.00
12.90,-221.05,0.00,1.00
48.83,-202.63,0.00,1.00
48.93,-203.12,0.00,1.00
44.35,-205.05,0.00,1.00
46.50,-204.30,0.00,1.00
47.91,-205.46,0.00,1.00
44.11,-206.15,0.00,1.00
45.49,-203.56,0.00,1.00
45.23,-202.43,0.00,1.00
48.29,-204.03,0.00,1.00
44.38,-204.68,0.00,1.00
-237.39,73.08,0.00,1.00
-234.35,72.68,0.00,1.00
-233.59,69.89,0.00,1.00
-237.29,75.50,0.00,1.00
-236.39,76.82,0.00,1.00
-230.98,74.63,0.00,1.00
-237.43,73.35,0.00,1.00
-236.13,74.77,0.00,1.00
-233.59,75.84,0.00,1.00
-233.12,74.09,0.00,1.00
185.13,156.05,0.00,1.00
187.72,156.64,0.00,1.00
182.49,155.04,0.00,1.00
184.59,155.62,0.00,1.00
186.02,155.21,0.00,1.00
186.69,155.52,0.00,1.00
184.52,154.24,0.00,1.00
184.66,155.39,0.00,1.00
186.98,154.93,0.00,1.00
186.23,156.65,0.00,1.00
190.38,115.05,0.00,1.00
185.99,111.87,0.00,1.00
189.11,113.14,0.00,1.00
192.44,112.58,0.00,1.00
187.88,109.18,0.00,1.00
192.08,111.13,0.00,1.00
190.47,113.82,0.00,1.00
190.72,115.40,0.00,1.00
187.52,118.08,0.00,1.00
190.00,113.47,0.00,1.00
-105.35,175.35,0.00,1.00
-107.51,179.82,0.00,1.00
-107.96,173.47,0.00,1.00
-108.76,175.41,0.00,1.00
-105.32,174.43,0.00,1.00
-108.39,176.48,0.00,1.00
-108.15,173.39,0.00,1.00
-109.01,174.34,0.00,1.00
-104.44,176.44,0.00,1.00
-104.52,174.03,0.00,1.00
-180.21,-135.62,0.00,1.00
-182.39,-136.17,0.00,1.00
-181.30,-138.59,0.00,1.00
-179.97,-133.82,0.00,1.00
-182.39,-134.25,0.00,1.00
-181.60,-136.52,0.00,1.00
-180.71,-137.31,0.00,1.00
-181.48,-137.34,0.00,1.00
-181.74,-138.81,0.00,1.00
-184.59,-137.86,0.00,1.00
-148.54,20.19,0.00,1.00
-143.58,16.38,0.00,1.00
-142.86,17.94,0.00,1.00
-145.00,20.29,0.00,1.00
-148.03,18.30,0.00,1.00
-145.32,17.75,0.00,1.00
-147.45,18.36,0.00,1.00
-146.91,18.34,0.00,1.00
-149.02,19.19,0.00,1.00
-146.55,19.41,0.00,1.00
142.52,-47.99,0.00,1.00
143.67,-48.35,0.00,1.00
146.67,-48.06,0.00,1.00
142.92,-45.59,0.00,1.00
144.15,-47.54,0.00,1.00
148.57,-46.26,0.00,1.00
144.51,-42.20,0.00,1.00
147.60,-43.35,0.00,1.00
142.11,-45.81,0.00,1.00
142.60,-50.84,0.00,1.00
-87.85,-215.57,0.00,1.00
-86.61,-218.22,0.00,1.00
-84.30,-216.41,0.00,1.00
-87.62,-215.91,0.00,1.00
-85.76,-215.66,0.00,1.00
-83.62,-214.68,0.00,1.00
-84.80,-219.68,0.00,1.00
-85.85,-216.79,0.00,1.00
-83.92,-216.33,0.00,1.00
-84.68,-218.36,0.00,1.00
90.06,-4.66,0.00,1.00
93.58,-1.95,0.00,1.00
94.87,-2.03,0.00,1.00
93.93,-4.80,0.00,1.00
91.22,-2.05,0.00,1.00
94.82,-2.64,0.00,1.00
91.89,-3.91,0.00,1.00
95.06,-6.36,0.00,1.00
93.67,0.19,0.00,1.00
87.23,-4.47,0.00,1.00
136.42,-32.90,0.00,1.00
131.75,-31.52,0.00,1.00
133.66,-29.25,0.00,1.00
130.30,-30.20,0.00,1.00
132.15,-32.33,0.00,1.00
130.89,-32.50,0.00,1.00
134.99,-31.38,0.00,1.00
133.72,-30.10,0.00,1.00
131.25,-31.12,0.00,1.00
128.28,-33.39,0.00,1.00
-62.13,-176.60,0.00,1.00
-61.92,-171.16,0.00,1.00
-61.28,-173.63,0.00,1.00
-59.01,-172.25,0.00,1.00
-57.95,-173.79,0.00,1.00
-61.96,-173.06,0.00,1.00
-65.02,-173.82,0.00,1.00
-62.11,-174.67,0.00,1.00
-63.31,-173.42,0.00,1.00
-59.70,-176.39,0.00,1.00
25.65,92.54,0.00,1.00
21.88,94.49,0.00,1.00
26.98,92.11,0.00,1.00
23.65,93.23,0.00,1.00
25.45,94.34,0.00,1.00
27.70,97.75,0.00,1.00
25.89,92.93,0.00,1.00
25.13,95.70,0.00,1.00
25.86,94.35,0.00,1.00
30.00,91.78,0.00,1.00
-69.39,88.01,0.00,1.00
-66.39,87.81,0.00,1.00
-68.59,87.05,0.00,1.00
-69.15,93.59,0.00,1.00
-64.84,88.50,0.00,1.00
-69.06,87.44,0.00,1.00
-66.13,87.85,0.00,1.00
-69.69,87.51,0.00,1.00
-67.58,89.85,0.00,1.00
-65.21,88.91,0.00,1.00
-86.54,139.67,0.00,1.00
-84.77,140.30,0.00,1.00
-87.78,138.81,0.00,1.00
-85.30,145.45,0.00,1.00
-87.97,136.64,0.00,1.00
-86.96,139.76,0.00,1.00
-84.43,137.25,0.00,1.00
-86.96,141.08,0.00,1.00
-86.32,141.52,0.00,1.00
-88.59,143.00,0.00,1.00
98.85,66.23,0.00,1.00
97.43,70.41,0.00,1.00
96.54,66.93,0.00,1.00
99.59,63.50,0.00,1.00
99.06,65.81,0.00,1.00
96.70,68.50,0.00,1.00
97.16,68.86,0.00,1.00
96.32,65.35,0.00,1.00
100.68,65.28,0.00,1.00
97.16,71.36,0.00,1.00
-97.65,-120.85,0.00,1.00
-95.25,-124.09,0.00,1.00
-94.92,-122.86,0.00,1.00
-96.55,-122.08,0.00,1.00
-96.59,-120.44,0.00,1.00
-95.45,-126.32,0.00,1.00
-92.31,-124.52,0.00,1.00
-98.53,-121.11,0.00,1.00
-95.76,-125.14,0.00,1.00
-93.06,-123.93,0.00,1.00
-116.52,133.14,0.00,1.00
-115.16,133.31,0.00,1.00
-117.82,136.01,0.00,1.00
-116.46,136.63,0.00,1.00
-117.89,132.62,0.00,1.00
-118.22,139.42,0.00,1.00
-118.30,138.64,0.00,1.00
-117.80,134.96,0.00,1.00
-119.01,136.26,0.00,1.00
-119.23,135.69,0.00,1.00
-77.49,-12.82,0.00,1.00
-76.00,-16.83,0.00,1.00
-80.23,-16.17,0.00,1.00
-74.21,-9.97,0.00,1.00
-78.58,-9.25,0.00,1.00
-74.94,-15.17,0.00,1.00
-75.25,-10.25,0.00,1.00
-78.21,-12.58,0.00,1.00
-75.85,-9.82,0.00,1.00
-79.01,-11.10,0.00,1.00
153.15,-162.83,0.00,1.00
154.91,-166.30,0.00,1.00
159.40,-169.38,0.00,1.00
156.31,-167.39,0.00,1.00
158.16,-166.98,0.00,1.00
154.49,-165.69,0.00,1.00
158.55,-167.34,0.00,1.00
153.82,-167.92,0.00,1.00
155.99,-167.37,0.00,1.00
151.42,-165.95,0.00,1.00
-108.48,33.00,0.00,1.00
-103.32,36.12,0.00,1.00
-109.55,35.88,0.00,1.00
-107.42,35.42,0.00,1.00
-108.26,33.05,0.00,1.00
-109.39,31.49,0.00,1.00
-108.36,36.90,0.00,1.00
-108.11,34.11,0.00,1.00
-105.03,34.81,0.00,1.00
-107.87,35.16,0.00,1.00
-150.51,95.81,0.00,1.00
-150.21,97.14,0.00,1.00
-150.38,98.16,0.00,1.00
-150.62,95.21,0.00,1.00
-153.73,98.26,0.00,1.00
-150.57,94.34,0.00,1.00
-151.13,101.81,0.00,1.00
-153.50,93.74,0.00,1.00
-149.50,95.37,0.00,1.00
-149.13,96.18,0.00,1.00
-160.68,-174.26,0.00,1.00
-158.04,-174.70,0.00,1.00
-160.34,-172.72,0.00,1.00
-163.46,-175.10,0.00,1.00
-158.62,-174.22,0.00,1.00
-161.64,-176.70,0.00,1.00
-163.05,-174.04,0.00,1.00
-163.04,-175.39,0.00,1.00
-161.13,-173.35,0.00,1.00
-160.28,-174.07,0.00,1.00
-123.46,-187.61,0.00,1.00
-125.43,-183.78,0.00,1.00
-122.94,-184.35,0.00,1.00
-124.03,-184.74,0.00,1.00
-124.65,-183.26,0.00,1.00
-122.35,-187.77,0.00,1.00
-123.69,-182.19,0.00,1.00
-126.83,-188.27,0.00,1.00
-124.22,-184.09,0.00,1.00
-121.58,-186.78,0.00,1.00
52.78,-147.64,0.00,1.00
53.84,-150.25,0.00,1.00
55.78,-146.09,0.00,1.00
54.63,-147.12,0.00,1.00
54.36,-146.65,0.00,1.00
55.32,-145.19,0.00,1.00
56.91,-145.92,0.00,1.00
50.26,-145.38,0.00,1.00
53.49,-145.59,0.00,1.00
54.46,-146.56,0.00,1.00
-48.73,-95.37,0.00,1.00
-56.55,-95.96,0.00,1.00
-51.41,-91.66,0.00,1.00
-48.77,-93.54,0.00,1.00
-47.98,-98.84,0.00,1.00
-48.68,-95.78,0.00,1.00
-47.33,-95.91,0.00,1.00
-53.08,-93.20,0.00,1.00
-48.29,-96.36,0.00,1.00
-46.97,-94.44,0.00,1.00
-102.99,-145.23,0.00,1.00
-99.07,-140.49,0.00,1.00
-102.69,-139.66,0.00,1.00
-99.04,-144.63,0.00,1.00
-94.65,-139.90,0.00,1.00
-103.80,-142.62,0.00,1.00
-104.49,-139.18,0.00,1.00
-100.05,-141.19,0.00,1.00
-99.71,-140.59,0.00,1.00
-99.23,-140.74,0.00,1.00
-213.53,80.71,0.00,1.00
-212.16,77.60,0.00,1.00
-210.41,78.93,0.00,1.00
-212.50,78.29,0.00,1.00
-209.96,80.96,0.00,1.00
-209.30,76.99,0.00,1.00
-215.50,78.26,0.00,1.00
-209.15,79.08,0.00,1.00
-207.60,80.99,0.00,1.00
-208.52,77.79,0.00,1.00
-63.29,172.61,0.00,1.00
-66.80,173.88,0.00,1.00
-66.90,172.35,0.00,1.00
-69.08,170.42,0.00,1.00
-70.65,173.56,0.00,1.00
-66.28,170.07,0.00,1.00
-64.64,170.53,0.00,1.00
-66.86,172.35,0.00,1.00
-68.28,172.65,0.00,1.00
-67.59,173.58,0.00,1.00
-23.82,36.59,0.00,1.00
-22.49,38.59,0.00,1.00
-19.90,37.30,0.00,1.00
-20.80,39.69,0.00,1.00
-21.49,37.28,0.00,1.00
-26.79,36.68,0.00,1.00
-21.77,32.50,0.00,1.00
-23.92,35.64,0.00,1.00
-19.65,33.86,0.00,1.00
-22.08,40.36,0.00,1.00
42.59,-173.44,0.00,1.00
42.94,-175.93,0.00,1.00
43.90,-174.34,0.00,1.00
45.58,-172.25,0.00,1.00
42.96,-175.17,0.00,1.00
42.26,-174.34,0.00,1.00
44.30,-175.61,0.00,1.00
43.14,-176.98,0.00,1.00
45.71,-172.15,0.00,1.00
41.91,-172.18,0.00,1.00
-144.70,126.30,0.00,1.00
-143.79,126.39,0.00,1.00
-139.53,125.79,0.00,1.00
-144.52,127.36,0.00,1.00
-138.79,126.86,0.00,1.00
-144.74,129.97,0.00,1.00
-138.94,129.60,0.00,1.00
-143.57,130.75,0.00,1.00
-142.90,124.73,0.00,1.00
-141.09,126.21,0.00,1.00
-67.12,-31.64,0.00,1.00
-70.23,-29.19,0.00,1.00
-68.72,-32.25,0.00,1.00
-66.35,-28.56,0.00,1.00
-70.03,-28.75,0.00,1.00
-67.53,-31.11,0.00,1.00
-64.62,-33.20,0.00,1.00
-65.76,-29.87,0.00,1.00
-67.64,-30.18,0.00,1.00
-71.88,-30.29,0.00,1.00
190.27,-223.34,0.00,1.00
190.91,-218.58,0.00,1.00
190.69,-223.85,0.00,1.00
188.96,-218.47,0.00,1.00
196.38,-220.53,0.00,1.00
190.77,-221.80,0.00,1.00
190.17,-222.51,0.00,1.00
192.05,-221.03,0.00,1.00
190.27,-220.94,0.00,1.00
193.71,-218.49,0.00,1.00
-40.28,-7.89,0.00,1.00
-44.17,-7.92,0.00,1.00
-38.79,-11.62,0.00,1.00
-41.07,-9.09,0.00,1.00
-42.09,-9.46,0.00,1.00
-41.77,-7.66,0.00,1.00
-42.27,-8.59,0.00,1.00
-37.35,-14.68,0.00,1.00
-40.75,-12.16,0.00,1.00
-39.34,-6.97,0.00,1.00
95.63,-4.46,0.00,1.00
95.22,-6.58,0.00,1.00
100.78,-7.69,0.00,1.00
93.24,-4.30,0.00,1.00
97.14,-4.75,0.00,1.00
94.58,-10.67,0.00,1.00
97.40,-6.36,0.00,1.00
101.99,-6.41,0.00,1.00
97.23,-2.71,0.00,1.00
101.46,-0.68,0.00,1.00
124.08,17.01,0.00,1.00
124.40,17.28,0.00,1.00
127.17,15.86,0.00,1.00
121.85,19.34,0.00,1.00
125.64,17.51,0.00,1.00
122.75,17.23,0.00,1.00
122.53,14.86,0.00,1.00
122.84,12.56,0.00,1.00
120.90,15.87,0.00,1.00
122.07,18.65,0.00,1.00
101.19,202.08,0.00,1.00
106.45,199.38,0.00,1.00
105.58,198.13,0.00,1.00
102.20,198.23,0.00,1.00
105.33,198.15,0.00,1.00
103.85,196.01,0.00,1.00
101.60,201.29,0.00,1.00
105.45,197.79,0.00,1.00
107.49,200.00,0.00,1.00
106.76,200.32,0.00,1.00
-208.19,75.64,0.00,1.00
-210.09,79.83,0.00,1.00
-208.18,80.88,0.00,1.00
-207.15,81.20,0.00,1.00
-207.12,81.43,0.00,1.00
-209.31,81.32,0.00,1.00
-209.59,80.91,0.00,1.00
-207.48,77.80,0.00,1.00
-209.26,78.43,0.00,1.00
-202.73,82.28,0.00,1.00
169.12,89.82,0.00,1.00
166.73,83.39,0.00,1.00
166.46,86.40,0.00,1.00
167.01,84.15,0.00,1.00
166.90,85.67,0.00,1.00
168.88,82.07,0.00,1.00
167.43,87.88,0.00,1.00
160.92,85.09,0.00,1.00
163.21,84.09,0.00,1.00
168.67,85.91,0.00,1.00
-121.24,-160.57,0.00,1.00
-120.89,-161.44,0.00,1.00
-122.83,-161.95,0.00,1.00
-122.88,-161.82,0.00,1.00
-118.15,-159.46,0.00,1.00
-123.17,-161.96,0.00,1.00
-118.56,-165.54,0.00,1.00
-119.06,-164.23,0.00,1.00
-124.64,-162.48,0.00,1.00
-119.23,-160.78,0.00,1.00
-48.51,-238.08,0.00,1.00
-43.21,-242.95,0.00,1.00
-44.99,-239.13,0.00,1.00
-46.00,-238.54,0.00,1.00
-45.84,-234.85,0.00,1.00
-41.75,-239.78,0.00,1.00
-46.83,-243.49,0.00,1.00
-47.02,-237.71,0.00,1.00
-47.07,-239.02,0.00,1.00
-43.93,-238.36,0.00,1.00
28.10,-77.83,0.00,1.00
21.15,-80.63,0.00,1.00
27.93,-79.58,0.00,1.00
27.35,-75.61,0.00,1.00
24.33,-77.62,0.00,1.00
25.32,-79.02,0.00,1.00
29.05,-79.71,0.00,1.00
25.12,-80.16,0.00,1.00
22.77,-78.42,0.00,1.00
23.78,-80.48,0.00,1.00
233.53,-128.67,0.00,1.00
231.33,-125.51,0.00,1.00
233.14,-121.63,0.00,1.00
231.17,-128.77,0.00,1.00
230.67,-129.73,0.00,1.00
228.34,-130.36,0.00,1.00
233.72,-130.07,0.00,1.00
231.25,-126.81,0.00,1.00
234.44,-129.60,0.00,1.00
228.38,-127.08,0.00,1.00
-236.63,198.54,0.00,1.00
-235.96,197.96,0.00,1.00
-233.13,199.81,0.00,1.00
-234.31,198.57,0.00,1.00
-238.29,196.44,0.00,1.00
-236.28,195.90,0.00,1.00
-234.92,198.74,0.00,1.00
-235.93,197.73,0.00,1.00
-235.92,197.35,0.00,1.00
-233.33,198.90,0.00,1.00
149.20,193.05,0.00,1.00
150.76,194.92,0.00,1.00
151.57,190.40,0.00,1.00
148.39,196.09,0.00,1.00
148.68,194.06,0.00,1.00
153.29,196.30,0.00,1.00
148.39,193.72,0.00,1.00
152.24,193.03,0.00,1.00
150.64,197.79,0.00,1.00
153.27,196.33,0.00,1.00
124.81,-115.65,0.00,1.00
123.25,-114.63,0.00,1.00
125.53,-112.82,0.00,1.00
122.18,-114.28,0.00,1.00
123.74,-115.81,0.00,1.00
120.96,-115.14,0.00,1.00
125.89,-112.83,0.00,1.00
121.95,-111.79,0.00,1.00
122.39,-114.77,0.00,1.00
123.27,-113.04,0.00,1.00
-102.44,-81.36,0.00,1.00
-105.75,-88.53,0.00,1.00
-106.32,-86.85,0.00,1.00
-101.21,-81.62,0.00,1.00
-106.92,-84.39,0.00,1.00
-105.47,-86.94,0.00,1.00
-108.43,-84.72,0.00,1.00
-107.06,-83.90,0.00,1.00
-103.82,-81.50,0.00,1.00
-107.35,-82.44,0.00,1.00
-38.65,-162.36,0.00,1.00
-44.57,-166.92,0.00,1.00
-47.04,-165.17,0.00,1.00
-43.21,-164.46,0.00,1.00
-39.08,-167.75,0.00,1.00
-45.74,-167.23,0.00,1.00
-43.68,-165.25,0.00,1.00
-45.29,-166.91,0.00,1.00
-42.49,-166.24,0.00,1.00
-44.34,-167.19,0.00,1.00
232.81,211.59,0.00,1.00
230.08,208.61,0.00,1.00
233.60,210.43,0.00,1.00
232.86,209.68,0.00,1.00
228.93,209.58,0.00,1.00
228.90,210.99,0.00,1.00
232.71,209.01,0.00,1.00
229.92,209.46,0.00,1.00
233.53,207.19,0.00,1.00
229.34,210.72,0.00,1.00
181.75,-223.13,0.00,1.00
181.76,-222.98,0.00,1.00
181.86,-219.19,0.00,1.00
179.83,-226.21,0.00,1.00
182.08,-224.72,0.00,1.00
185.33,-225.22,0.00,1.00
181.04,-225.01,0.00,1.00
182.44,-223.29,0.00,1.00
186.59,-225.32,0.00,1.00
183.09,-226.05,0.00,1.00
-223.54,236.44,0.00,1.00
-216.78,234.82,0.00,1.00
-218.91,232.16,0.00,1.00
-221.01,233.97,0.00,1.00
-219.07,237.34,0.00,1.00
-220.07,230.38,0.00,1.00
-221.82,230.21,0.00,1.00
-219.52,234.93,0.00,1.00
-217.51,230.87,0.00,1.00
-216.56,237.40,0.00,1.00
130.16,190.38,0.00,1.00
128.56,188.67,0.00,1.00
131.48,189.54,0.00,1.00
126.84,188.58,0.00,1.00
126.85,189.77,0.00,1.00
128.94,190.25,0.00,1.00
127.05,186.28,0.00,1.00
129.99,188.65,0.00,1.00
125.99,189.76,0.00,1.00
127.30,191.32,0.00,1.00
9.61,-235.90,0.00,1.00
9.62,-232.82,0.00,1.00
5.10,-230.02,0.00,1.00
7.32,-233.60,0.00,1.00
10.11,-236.14,0.00,1.00
11.30,-229.14,0.00,1.00
8.67,-232.52,0.00,1.00
8.89,-230.28,0.00,1.00
8.04,-235.83,0.00,1.00
7.45,-235.20,0.00,1.00
30.42,232.24,0.00,1.00
32.10,232.70,0.00,1.00
25.76,229.50,0.00,1.00
29.32,231.83,0.00,1.00
29.46,233.31,0.00,1.00
29.94,232.48,0.00,1.00
29.02,234.63,0.00,1.00
26.46,234.46,0.00,1.00
30.39,237.38,0.00,1.00
28.53,232.11,0.00,1.00
82.82,154.55,0.00,1.00
87.80,154.76,0.00,1.00
81.56,154.78,0.00,1.00
82.43,154.82,0.00,1.00
86.19,153.87,0.00,1.00
85.40,155.14,0.00,1.00
84.52,156.64,0.00,1.00
82.67,154.33,0.00,1.00
85.88,154.99,0.00,1.00
81.48,153.36,0.00,1.00
216.08,-71.84,0.00,1.00
215.29,-65.46,0.00,1.00
214.57,-72.28,0.00,1.00
214.85,-68.62,0.00,1.00
217.26,-66.95,0.00,1.00
216.15,-67.51,0.00,1.00
219.49,-67.77,0.00,1.00
215.76,-71.64,0.00,1.00
216.41,-67.03,0.00,1.00
215.29,-67.92,0.00,1.00
120.54,119.63,0.00,1.00
117.10,123.15,0.00,1.00
117.38,121.92,0.00,1.00
117.94,127.51,0.00,1.00
115.05,118.56,0.00,1.00
118.18,122.53,0.00,1.00
117.96,122.50,0.00,1.00
116.04,121.26,0.00,1.00
118.42,120.28,0.00,1.00
116.00,119.76,0.00,1.00
-82.94,14.38,0.00,1.00
-85.33,13.24,0.00,1.00
-86.03,15.33,0.00,1.00
-83.27,10.27,0.00,1.00
-81.38,12.28,0.00,1.00
-81.81,15.82,0.00,1.00
-82.07,16.74,0.00,1.00
-79.66,15.25,0.00,1.00
-82.54,13.98,0.00,1.00
-81.60,16.42,0.00,1.00
-184.20,-123.02,0.00,1.00
-183.98,-123.21,0.00,1.00
-184.23,-125.92,0.00,1.00
-182.13,-117.50,0.00,1.00
-187.31,-123.89,0.00,1.00
-185.16,-119.96,0.00,1.00
-184.20,-121.60,0.00,1.00
-186.35,-123.88,0.00,1.00
-183.35,-121.73,0.00,1.00
-185.08,-124.54,0.00,1.00
113.03,-0.32,0.00,1.00
111.53,-0.91,0.00,1.00
117.81,-1.91,0.00,1.00
110.86,-4.96,0.00,1.00
113.30,-2.09,0.00,1.00
114.14,-2.67,0.00,1.00
115.89,-4.60,0.00,1.00
113.85,-4.41,0.00,1.00
112.88,-0.83,0.00,1.00
113.84,-2.39,0.00,1.00
137.34,-176.33,0.00,1.00
134.25,-172.02,0.00,1.00
131.87,-175.77,0.00,1.00
133.44,-174.57,0.00,1.00
130.40,-171.67,0.00,1.00
137.49,-173.10,0.00,1.00
135.39,-177.39,0.00,1.00
135.11,-175.11,0.00,1.00
135.63,-169.90,0.00,1.00
133.01,-176.70,0.00,1.00
109.29,-14.10,0.00,1.00
108.96,-9.42,0.00,1.00
110.87,-12.84,0.00,1.00
111.75,-9.78,0.00,1.00
113.00,-11.95,0.00,1.00
110.56,-12.63,0.00,1.00
109.58,-15.78,0.00,1.00
109.31,-17.13,0.00,1.00
112.88,-16.27,0.00,1.00
111.62,-10.53,0.00,1.00
-76.33,200.81,0.00,1.00
-74.45,203.57,0.00,1.00
-73.99,200.42,0.00,1.00
-74.47,203.06,0.00,1.00
-73.92,201.39,0.00,1.00
-71.60,199.02,0.00,1.00
-74.66,200.56,0.00,1.00
-76.22,202.50,0.00,1.00
-73.24,201.63,0.00,1.00
-74.99,201.49,0.00,1.00
-19.92,-86.12,0.00,1.00
-17.67,-84.13,0.00,1.00
-20.49,-80.51,0.00,1.00
-18.96,-86.17,0.00,1.00
-18.78,-80.30,0.00,1.00
-19.65,-83.84,0.00,1.00
-17.78,-81.96,0.00,1.00
-21.44,-85.85,0.00,1.00
-18.87,-84.50,0.00,1.00
-19.61,-81.90,0.00,1.00
-193.91,-106.87,0.00,1.00
-196.08,-106.02,0.00,1.00
-194.75,-107.43,0.00,1.00
-197.91,-104.32,0.00,1.00
-196.63,-107.90,0.00,1.00
-190.62,-106.21,0.00,1.00
-201.51,-106.42,0.00,1.00
-197.57,-106.32,0.00,1.00
-198.36,-105.77,0.00,1.00
-196.92,-107.78,0.00,1.00
189.25,-161.15,0.00,1.00
186.41,-157.10,0.00,1.00
184.24,-158.39,0.00,1.00
188.93,-162.54,0.00,1.00
186.22,-162.58,0.00,1.00
189.14,-158.94,0.00,1.00
188.14,-163.72,0.00,1.00
188.58,-166.64,0.00,1.00
183.34,-159.40,0.00,1.00
184.10,-159.60,0.00,1.00
189.67,85.92,0.00,1.00
185.91,83.87,0.00,1.00
195.80,86.30,0.00,1.00
187.77,84.90,0.00,1.00
190.01,85.81,0.00,1.00
187.29,82.32,0.00,1.00
188.77,89.64,0.00,1.00
187.42,83.78,0.00,1.00
188.17,89.17,0.00,1.00
190.38,85.87,0.00,1.00
208.04,-233.10,0.00,1.00
205.98,-232.76,0.00,1.00
201.14,-237.98,0.00,1.00
205.09,-233.61,0.00,1.00
202.69,-235.31,0.00,1.00
206.03,-231.25,0.00,1.00
209.11,-231.37,0.00,1.00
204.53,-232.88,0.00,1.00
204.76,-229.31,0.00,1.00
205.74,-232.88,0.00,1.00
185.51,118.92,0.00,1.00
183.89,113.55,0.00,1.00
183.47,113.79,0.00,1.00
184.06,114.40,0.00,1.00
183.22,113.59,0.00,1.00
184.56,116.25,0.00,1.00
185.00,112.82,0.00,1.00
183.04,114.90,0.00,1.00
184.41,116.85,0.00,1.00
185.17,111.87,0.00,1.00
-4.36,75.81,0.00,1.00
-0.66,74.37,0.00,1.00
1.88,77.32,0.00,1.00
-0.82,77.56,0.00,1.00
1.26,75.13,0.00,1.00
-2.37,76.23,0.00,1.00
-0.52,75.16,0.00,1.00
3.55,69.03,0.00,1.00
2.14,75.26,0.00,1.00
-0.21,74.15,0.00,1.00
214.96,53.76,0.00,1.00
214.01,60.65,0.00,1.00
213.67,55.71,0.00,1.00
216.58,58.23,0.00,1.00
217.71,57.32,0.00,1.00
213.62,59.36,0.00,1.00
215.78,58.20,0.00,1.00
215.93,59.59,0.00,1.00
218.99,58.76,0.00,1.00
217.88,58.90,0.00,1.00
-238.38,-44.96,0.00,1.00
-236.37,-45.17,0.00,1.00
-234.80,-44.43,0.00,1.00
-238.00,-43.88,0.00,1.00
-236.41,-46.04,0.00,1.00
-237.05,-44.06,0.00,1.00
-236.09,-42.26,0.00,1.00
-236.08,-41.23,0.00,1.00
-235.12,-46.57,0.00,1.00
-237.52,-43.99,0.00,1.00
-194.84,-177.31,0.00,1.00
-188.63,-180.95,0.00,1.00
-192.84,-179.69,0.00,1.00
-190.06,-180.24,0.00,1.00
-190.04,-178.40,0.00,1.00
-189.26,-177.20,0.00,1.00
-191.36,-179.74,0.00,1.00
-191.36,-178.15,0.00,1.00
-190.08,-180.19,0.00,1.00
-189.20,-178.14,0.00,1.00
-90.64,37.14,0.00,1.00
-91.51,40.16,0.00,1.00
-90.68,39.47,0.00,1.00
-91.81,41.78,0.00,1.00
-91.93,37.27,0.00,1.00
-90.37,39.39,0.00,1.00
-93.38,39.97,0.00,1.00
-92.36,39.71,0.00,1.00
-89.92,40.83,0.00,1.00
-92.80,40.83,0.00,1.00
-8.81,-37.40,0.00,1.00
-8.00,-38.30,0.00,1.00
-4.82,-38.50,0.00,1.00
-7.99,-39.73,0.00,1.00
-5.90,-40.17,0.00,1.00
-8.88,-37.92,0.00,1.00
-8.02,-40.88,0.00,1.00
-11.64,-39.34,0.00,1.00
-6.11,-40.43,0.00,1.00
-6.97,-41.00,0.00,1.00
-131.74,12.08,0.00,1.00
-132.67,9.95,0.00,1.00
-132.70,12.55,0.00,1.00
-130.97,10.35,0.00,1.00
-127.81,10.23,0.00,1.00
-131.69,8.76,0.00,1.00
-130.56,9.84,0.00,1.00
-133.25,8.37,0.00,1.00
-128.14,10.18,0.00,1.00
-135.29,11.64,0.00,1.00
-230.38,48.25,0.00,1.00
-228.91,48.40,0.00,1.00
-223.80,46.06,0.00,1.00
-226.93,49.38,0.00,1.00
-226.61,46.45,0.00,1.00
-229.05,49.73,0.00,1.00
-228.63,48.14,0.00,1.00
-226.37,46.70,0.00,1.00
-225.16,50.82,0.00,1.00
-223.26,49.96,0.00,1.00
-49.70,176.34,0.00,1.00
-49.97,178.42,0.00,1.00
-54.32,178.74,0.00,1.00
-52.35,180.09,0.00,1.00
-51.76,179.16,0.00,1.00
-54.17,175.86,0.00,1.00
-51.21,179.94,0.00,1.00
-49.70,181.05,0.00,1.00
-52.98,176.35,0.00,1.00
-49.91,181.11,0.00,1.00
73.34,-172.31,0.00,1.00
75.45,-176.66,0.00,1.00
71.87,-175.12,0.00,1.00
73.69,-172.32,0.00,1.00
76.21,-171.41,0.00,1.00
75.16,-170.51,0.00,1.00
69.76,-172.85,0.00,1.00
70.99,-170.89,0.00,1.00
70.34,-168.14,0.00,1.00
72.50,-172.43,0.00,1.00
65.51,-194.69,0.00,1.00
62.96,-196.09,0.00,1.00
60.34,-195.93,0.00,1.00
63.19,-197.51,0.00,1.00
64.72,-196.82,0.00,1.00
63.30,-197.60,0.00,1.00
62.21,-197.65,0.00,1.00
62.94,-195.29,0.00,1.00
60.87,-197.89,0.00,1.00
61.87,-194.61,0.00,1.00
-168.97,150.62,0.00,1.00
-166.92,153.34,0.00,1.00
-169.69,152.22,0.00,1.00
-169.36,150.51,0.00,1.00
-170.61,153.18,0.00,1.00
-168.38,150.43,0.00,1.00
-170.49,151.04,0.00,1.00
-168.66,151.42,0.00,1.00
-170.43,149.35,0.00,1.00
-171.85,154.11,0.00,1.00
-25.01,176.09,0.00,1.00
-19.87,179.73,0.00,1.00
-23.89,177.66,0.00,1.00
-19.26,178.85,0.00,1.00
-20.87,174.80,0.00,1.00
-20.74,176.37,0.00,1.00
-16.01,176.76,0.00,1.00
-18.59,178.10,0.00,1.00
-19.45,179.66,0.00,1.00
-20.45,182.51,0.00,1.00
-119.27,-133.43,0.00,1.00
-124.99,-134.69,0.00,1.00
-123.90,-134.45,0.00,1.00
-123.13,-134.31,0.00,1.00
-122.70,-134.96,0.00,1.00
-120.88,-134.60,0.00,1.00
-119.70,-138.05,0.00,1.00
-122.88,-139.60,0.00,1.00
-121.24,-134.02,0.00,1.00
-124.62,-137.09,0.00,1.00
165.24,-159.95,0.00,1.00
167.42,-157.71,0.00,1.00
168.74,-162.07,0.00,1.00
169.89,-159.31,0.00,1.00
169.02,-156.23,0.00,1.00
167.63,-159.65,0.00,1.00
166.21,-160.72,0.00,1.00
169.40,-160.50,0.00,1.00
171.50,-159.60,0.00,1.00
165.87,-159.05,0.00,1.00
-218.27,-114.61,0.00,1.00
-218.47,-112.81,0.00,1.00
-215.88,-117.48,0.00,1.00
-216.53,-116.81,0.00,1.00
-218.45,-116.00,0.00,1.00
-216.21,-117.99,0.00,1.00
-216.49,-117.61,0.00,1.00
-216.69,-113.89,0.00,1.00
-219.46,-112.98,0.00,1.00
-216.97,-114.61,0.00,1.00
212.98,-37.25,0.00,1.00
216.33,-39.07,0.00,1.00
216.66,-35.84,0.00,1.00
212.84,-38.22,0.00,1.00
215.83,-35.63,0.00,1.00
217.21,-36.40,0.00,1.00
215.28,-35.91,0.00,1.00
216.07,-36.60,0.00,1.00
214.87,-35.67,0.00,1.00
213.52,-36.16,0.00,1.00
167.26,-62.10,0.00,1.00
169.86,-63.06,0.00,1.00
163.92,-63.37,0.00,1.00
165.72,-63.51,0.00,1.00
169.77,-62.35,0.00,1.00
168.15,-62.38,0.00,1.00
164.68,-62.34,0.00,1.00
164.88,-62.80,0.00,1.00
167.98,-64.98,0.00,1.00
168.41,-65.29,0.00,1.00
40.41,221.33,0.00,1.00
37.39,220.03,0.00,1.00
38.56,225.24,0.00,1.00
40.40,222.19,0.00,1.00
42.66,223.26,0.00,1.00
40.67,224.14,0.00,1.00
39.55,225.28,0.00,1.00
35.67,225.26,0.00,1.00
38.77,221.83,0.00,1.00
40.49,225.03,0.00,1.00
-44.88,-231.22,0.00,1.00
-44.63,-225.52,0.00,1.00
-42.05,-231.39,0.00,1.00
-42.61,-227.49,0.00,1.00
-42.30,-228.25,0.00,1.00
-43.13,-224.79,0.00,1.00
-41.75,-227.45,0.00,1.00
-44.88,-228.84,0.00,1.00
-40.01,-225.99,0.00,1.00
-42.84,-231.73,0.00,1.00
72.15,-84.84,0.00,1.00
70.42,-81.43,0.00,1.00
70.45,-84.07,0.00,1.00
69.44,-82.09,0.00,1.00
70.84,-83.95,0.00,1.00
68.15,-83.33,0.00,1.00
65.94,-80.43,0.00,1.00
68.70,-80.69,0.00,1.00
68.80,-85.66,0.00,1.00
67.24,-83.52,0.00,1.00
15.36,-16.82,0.00,1.00
13.74,-18.06,0.00,1.00
14.23,-16.11,0.00,1.00
16.89,-16.36,0.00,1.00
16.38,-17.08,0.00,1.00
14.02,-15.65,0.00,1.00
15.39,-14.05,0.00,1.00
12.04,-14.78,0.00,1.00
14.12,-12.51,0.00,1.00
14.17,-13.52,0.00,1.00
-7.01,-82.39,0.00,1.00
-11.46,-75.90,0.00,1.00
-10.56,-79.15,0.00,1.00
-15.44,-83.08,0.00,1.00
-11.47,-79.78,0.00,1.00
-10.26,-81.82,0.00,1.00
-11.68,-79.66,0.00,1.00
-12.55,-81.60,0.00,1.00
-13.28,-79.26,0.00,1.00
-11.24,-79.72,0.00,1.00
-230.60,-164.31,0.00,1.00
-229.67,-160.79,0.00,1.00
-231.47,-157.74,0.00,1.00
-229.83,-164.40,0.00,1.00
-227.23,-161.50,0.00,1.00
-231.55,-159.78,0.00,1.00
-230.03,-162.44,0.00,1.00
-228.78,-160.96,0.00,1.00
-227.87,-163.08,0.00,1.00
-231.83,-159.38,0.00,1.00
-143.16,-35.72,0.00,1.00
-145.46,-36.03,0.00,1.00
-144.03,-32.59,0.00,1.00
-141.95,-36.38,0.00,1.00
-146.31,-35.57,0.00,1.00
-141.13,-35.13,0.00,1.00
-143.31,-30.93,0.00,1.00
-146.92,-33.98,0.00,1.00
-145.49,-32.18,0.00,1.00
-145.87,-30.36,0.00,1.00
20.61,59.62,0.00,1.00
20.10,57.14,0.00,1.00
18.97,60.55,0.00,1.00
19.61,60.91,0.00,1.00
17.89,58.74,0.00,1.00
21.69,59.43,0.00,1.00
18.75,59.00,0.00,1.00
22.15,56.42,0.00,1.00
22.97,57.16,0.00,1.00
21.52,54.42,0.00,1.00
-45.50,112.02,0.00,1.00
-41.99,109.07,0.00,1.00
-48.22,113.38,0.00,1.00
-45.64,111.53,0.00,1.00
-42.93,107.23,0.00,1.00
-40.40,111.84,0.00,1.00
-43.03,110.88,0.00,1.00
-43.44,108.98,0.00,1.00
-46.15,110.16,0.00,1.00
-47.37,108.96,0.00,1.00
-131.22,-113.94,0.00,1.00
-131.55,-112.89,0.00,1.00
-128.75,-115.22,0.00,1.00
-133.95,-114.02,0.00,1.00
-132.28,-115.39,0.00,1.00
-127.11,-112.28,0.00,1.00
-130.03,-113.75,0.00,1.00
-128.77,-112.12,0.00,1.00
-129.87,-113.79,0.00,1.00
-131.70,-113.14,0.00,1.00
185.92,-68.41,0.00,1.00
185.34,-72.40,0.00,1.00
185.91,-70.63,0.00,1.00
184.64,-67.53,0.00,1.00
184.99,-70.44,0.00,1.00
187.63,-67.91,0.00,1.00
185.92,-71.54,0.00,1.00
188.03,-66.57,0.00,1.00
183.18,-68.81,0.00,1.00
185.60,-71.67,0.00,1.00
158.16,-100.58,0.00,1.00
158.44,-104.08,0.00,1.00
156.03,-103.34,0.00,1.00
155.51,-104.88,0.00,1.00
155.61,-101.65,0.00,1.00
157.58,-102.81,0.00,1.00
158.36,-103.63,0.00,1.00
158.31,-97.84,0.00,1.00
159.20,-101.72,0.00,1.00
159.95,-100.95,0.00,1.00
-72.07,9.58,0.00,1.00
-72.60,4.87,0.00,1.00
-72.34,9.63,0.00,1.00
-75.69,9.15,0.00,1.00
-71.74,3.26,0.00,1.00
-76.17,5.33,0.00,1.00
-72.75,10.65,0.00,1.00
-72.15,6.63,0.00,1.00
-70.07,3.83,0.00,1.00
-76.48,3.46,0.00,1.00
-88.65,94.57,0.00,1.00
-87.36,95.34,0.00,1.00
-87.23,94.51,0.00,1.00
-87.80,90.02,0.00,1.00
-87.81,95.94,0.00,1.00
-92.81,97.85,0.00,1.00
-89.21,95.16,0.00,1.00
-92.76,94.36,0.00,1.00
-89.53,94.84,0.00,1.00
-87.50,95.50,0.00,1.00
-92.62,-28.24,0.00,1.00
-90.98,-27.68,0.00,1.00
-95.51,-29.10,0.00,1.00
-94.48,-28.26,0.00,1.00
-95.70,-29.23,0.00,1.00
-92.10,-30.58,0.00,1.00
-93.37,-29.79,0.00,1.00
-92.61,-27.05,0.00,1.00
-93.09,-30.48,0.00,1.00
-94.51,-27.72,0.00,1.00
-13.18,-183.39,0.00,1.00
-19.90,-185.01,0.00,1.00
-16.18,-185.26,0.00,1.00
-14.91,-185.16,0.00,1.00
-20.08,-184.74,0.00,1.00
-19.14,-187.04,0.00,1.00
-17.53,-189.56,0.00,1.00
-18.05,-185.80,0.00,1.00
-15.30,-185.45,0.00,1.00
-16.08,-185.24,0.00,1.00
136.71,-176.72,0.00,1.00
133.01,-177.50,0.00,1.00
135.62,-177.63,0.00,1.00
136.94,-178.56,0.00,1.00
134.52,-177.26,0.00,1.00
134.14,-180.41,0.00,1.00
134.11,-176.32,0.00,1.00
135.29,-174.43,0.00,1.00
133.67,-176.23,0.00,1.00
134.79,-178.38,0.00,1.00
-131.91,20.30,0.00,1.00
-134.57,19.13,0.00,1.00
-134.76,20.64,0.00,1.00
-131.16,22.70,0.00,1.00
-134.56,24.56,0.00,1.00
-134.37,19.92,0.00,1.00
-133.27,19.93,0.00,1.00
-131.00,18.74,0.00,1.00
-133.27,22.70,0.00,1.00
-133.57,19.63,0.00,1.00
-29.27,6.22,0.00,1.00
-28.30,7.56,0.00,1.00
-31.66,8.04,0.00,1.00
-36.11,4.85,0.00,1.00
-29.73,2.78,0.00,1.00
-29.46,6.39,0.00,1.00
-31.69,5.56,0.00,1.00
-31.22,5.54,0.00,1.00
-34.64,4.95,0.00,1.00
-29.24,5.87,0.00,1.00
-37.82,144.68,0.00,1.00
-39.36,140.34,0.00,1.00
-41.56,141.72,0.00,1.00
-37.89,139.90,0.00,1.00
-36.06,139.88,0.00,1.00
-37.18,140.15,0.00,1.00
-34.92,142.69,0.00,1.00
-37.87,144.43,0.00,1.00
-36.44,141.36,0.00,1.00
-41.72,143.11,0.00,1.00
-19.82,100.18,0.00,1.00
-21.60,98.93,0.00,1.00
-18.98,105.82,0.00,1.00
-22.08,101.16,0.00,1.00
-21.26,105.49,0.00,1.00
-21.84,100.99,0.00,1.00
-17.43,101.20,0.00,1.00
-19.25,99.98,0.00,1.00
-22.86,102.53,0.00,1.00
-21.46,102.00,0.00,1.00
-57.24,-115.53,0.00,1.00
-56.81,-117.55,0.00,1.00
-59.11,-115.05,0.00,1.00
-59.87,-112.19,0.00,1.00
-55.27,-113.55,0.00,1.00
-56.79,-111.13,0.00,1.00
-56.90,-113.40,0.00,1.00
-57.01,-117.30,0.00,1.00
-59.40,-116.14,0.00,1.00
-59.77,-116.31,0.00,1.00
140.19,-220.71,0.00,1.00
136.36,-217.55,0.00,1.00
137.87,-217.81,0.00,1.00
142.02,-223.89,0.00,1.00
140.56,-223.20,0.00,1.00
140.14,-222.17,0.00,1.00
140.19,-219.37,0.00,1.00
140.14,-222.51,0.00,1.00
139.07,-223.64,0.00,1.00
139.33,-220.77,0.00,1.00
-22.13,-188.86,0.00,1.00
-22.14,-188.58,0.00,1.00
-19.35,-183.80,0.00,1.00
-20.17,-186.24,0.00,1.00
-21.45,-184.29,0.00,1.00
-21.91,-187.54,0.00,1.00
-19.43,-186.74,0.00,1.00
-21.77,-186.23,0.00,1.00
-19.23,-189.74,0.00,1.00
-19.96,-188.50,0.00,1.00
-16.51,-88.85,0.00,1.00
-12.23,-89.29,0.00,1.00
-10.91,-85.83,0.00,1.00
-12.56,-89.42,0.00,1.00
-14.14,-90.70,0.00,1.00
-15.58,-90.32,0.00,1.00
-11.94,-89.90,0.00,1.00
-12.76,-93.62,0.00,1.00
-11.16,-92.32,0.00,1.00
-16.91,-90.12,0.00,1.00
65.29,52.44,0.00,1.00
64.24,45.47,0.00,1.00
64.17,47.60,0.00,1.00
61.48,45.40,0.00,1.00
64.29,46.81,0.00,1.00
64.18,48.37,0.00,1.00
64.68,43.35,0.00,1.00
65.02,45.70,0.00,1.00
65.92,43.65,0.00,1.00
63.24,47.87,0.00,1.00
-176.32,-102.13,0.00,1.00
-173.19,-105.75,0.00,1.00
-172.20,-107.29,0.00,1.00
-175.48,-110.12,0.00,1.00
-173.33,-109.41,0.00,1.00
-175.47,-106.65,0.00,1.00
-173.46,-106.93,0.00,1.00
-177.16,-109.61,0.00,1.00
-176.39,-107.88,0.00,1.00
-177.47,-107.42,0.00,1.00
122.92,-189.92,0.00,1.00
120.95,-186.02,0.00,1.00
124.35,-186.82,0.00,1.00
120.52,-187.63,0.00,1.00
122.47,-188.21,0.00,1.00
120.49,-188.70,0.00,1.00
125.53,-190.23,0.00,1.00
120.60,-185.58,0.00,1.00
119.76,-188.21,0.00,1.00
125.01,-185.52,0.00,1.00
99.06,-232.23,0.00,1.00
95.60,-229.82,0.00,1.00
96.49,-231.29,0.00,1.00
92.24,-233.06,0.00,1.00
93.91,-230.25,0.00,1.00
95.79,-233.76,0.00,1.00
92.13,-231.76,0.00,1.00
92.95,-231.36,0.00,1.00
91.31,-227.47,0.00,1.00
92.73,-235.70,0.00,1.00
-157.29,-177.43,0.00,1.00
-163.85,-177.80,0.00,1.00
-156.78,-177.22,0.00,1.00
-159.10,-179.92,0.00,1.00
-161.81,-178.80,0.00,1.00
-157.42,-175.71,0.00,1.00
-158.82,-179.57,0.00,1.00
-157.82,-178.52,0.00,1.00
-156.02,-178.28,0.00,1.00
-158.94,-178.69,0.00,1.00
-183.66,185.15,0.00,1.00
-185.61,183.95,0.00,1.00
-187.57,183.28,0.00,1.00
-188.40,180.33,0.00,1.00
-186.95,180.14,0.00,1.00
-188.83,184.37,0.00,1.00
-186.45,183.16,0.00,1.00
-187.87,180.90,0.00,1.00
-187.25,179.57,0.00,1.00
-187.31,182.99,0.00,1.00
136.08,36.43,0.00,1.00
141.35,40.02,0.00,1.00
139.68,34.98,0.00,1.00
140.45,33.59,0.00,1.00
137.73,37.00,0.00,1.00
136.70,34.08,0.00,1.00
137.76,34.84,0.00,1.00
140.47,33.26,0.00,1.00
137.42,37.76,0.00,1.00
138.07,37.30,0.00,1.00
-38.92,176.11,0.00,1.00
-38.10,177.67,0.00,1.00
-39.63,176.14,0.00,1.00
-37.77,177.48,0.00,1.00
-40.23,178.02,0.00,1.00
-41.48,179.31,0.00,1.00
-40.22,178.61,0.00,1.00
-40.74,176.39,0.00,1.00
-37.93,177.25,0.00,1.00
-39.69,180.42,0.00,1.00
60.86,-88.53,0.00,1.00
-89.74,150.88,0.00,1.00
211.58,-151.18,0.00,1.00
51.49,-153.85,0.00,1.00
214.01,-123.02,0.00,1.00
199.68,-52.14,0.00,1.00
-102.55,-129.54,0.00,1.00
40.07,-195.36,0.00,1.00
-196.45,-156.13,0.00,1.00
-16.11,-0.95,0.00,1.00
22.41,194.43,0.00,1.00
34.20,-51.89,0.00,1.00
89.70,-120.34,0.00,1.00
-79.00,-19.42,0.00,1.00
-19.94,203.95,0.00,1.00
-47.60,136.67,0.00,1.00
13.67,-131.52,0.00,1.00
218.55,-146.80,0.00,1.00
-128.31,63.07,0.00,1.00
-174.33,-95.35,0.00,1.00
-22.21,-121.45,0.00,1.00
197.68,23.41,0.00,1.00
-99.03,163.08,0.00,1.00
-192.84,-147.92,0.00,1.00
-77.25,178.55,0.00,1.00
-120.87,-132.83,0.00,1.00
84.49,131.49,0.00,1.00
127.06,-162.35,0.00,1.00
20.42,-10.84,0.00,1.00
-64.41,-178.65,0.00,1.00
-112.62,-142.34,0.00,1.00
-162.91,-211.66,0.00,1.00
-72.12,172.80,0.00,1.00
-158.88,-26.75,0.00,1.00
166.00,-11.65,0.00,1.00
37.42,118.46,0.00,1.00
-63.69,12.66,0.00,1.00
97.26,83.40,0.00,1.00
98.19,8.91,0.00,1.00
43.04,-208.24,0.00,1.00
89.44,-57.46,0.00,1.00
92.46,-221.17,0.00,1.00
106.91,-167.78,0.00,1.00
64.24,46.27,0.00,1.00
145.26,-161.19,0.00,1.00
-59.95,211.32,0.00,1.00
-53.68,-163.79,0.00,1.00
-72.96,114.16,0.00,1.00
-83.86,-124.48,0.00,1.00
-140.00,-35.48,0.00,1.00
38.21,195.08,0.00,1.00
126.95,-44.83,0.00,1.00
203.26,-60.87,0.00,1.00
83.11,92.24,0.00,1.00
-53.07,201.86,0.00,1.00
-201.73,-138.11,0.00,1.00
85.63,29.96,0.00,1.00
68.65,11.49,0.00,1.00
-142.48,125.68,0.00,1.00
229.02,30.06,0.00,1.00
-192.36,69.20,0.00,1.00
111.67,-14.50,0.00,1.00
6.47,169.40,0.00,1.00
-59.28,-73.77,0.00,1.00
190.86,-32.18,0.00,1.00
-164.96,-16.16,0.00,1.00
123.65,-223.68,0.00,1.00
-141.28,131.26,0.00,1.00
-76.95,-101.69,0.00,1.00
-220.83,125.44,0.00,1.00
190.59,-19.40,0.00,1.00
82.93,-221.54,0.00,1.00
-217.05,209.53,0.00,1.00
-89.71,152.94,0.00,1.00
-22.82,80.49,0.00,1.00
-177.78,-8.95,0.00,1.00
-18.60,-58.39,0.00,1.00
-74.53,200.50,0.00,1.00
-177.04,-211.43,0.00,1.00
217.55,-87.83,0.00,1.00
-19.91,175.24,0.00,1.00
-121.49,-220.96,0.00,1.00
-137.95,191.85,0.00,1.00
127.37,-84.29,0.00,1.00
30.61,-87.25,0.00,1.00
-42.94,80.30,0.00,1.00
92.95,-92.53,0.00,1.00
47.96,-218.26,0.00,1.00
218.89,22.82,0.00,1.00
197.68,-57.90,0.00,1.00
-52.68,182.84,0.00,1.00
-194.02,-188.55,0.00,1.00
-202.99,-14.00,0.00,1.00
29.72,-170.15,0.00,1.00
34.40,-68.39,0.00,1.00
-150.57,184.28,0.00,1.00
44.32,-204.73,0.00,1.00
68.37,174.16,0.00,1.00
186.07,109.40,0.00,1.00
-121.64,-60.14,0.00,1.00
